"","sample_name","date_and_time","Q_m3s","Al_mgL","Ca_mgL","Fe_mgL","K_mgL","Mg_mgL","Mn_mgL","Na_mgL","SO42_mgL","pH","EC","Al_mmolL","Ca_mmolL","Fe_mmolL","K_mmolL","Mg_mmolL","Mn_mmolL","Na_mmolL","SO42_mmolL","H_mgL","H_umolL","logQ","logAl","logCa","logFe","logK","logMg","logMn","logNa","logSO42","logH","logEC","H_molL"
"1","Out 1 14:07 6/9/17","6/9/17 14:07",0.008208,0.5,237.6,1.193,7.618,97.25,12.9,10.55,904.1361,5.02,1528,0.0185308724334742,5.92814371257485,0.0213627003312741,0.194838742678841,4.00123431392718,0.234810149623212,0.458895171813832,9.41220174890693,9.54992586021437e-06,9.54992586021437,-2.08576265223226,-1.73210413361557,0.772918723449967,-1.67034385160373,-0.710324681653148,0.602193984587184,-0.629283134723882,-0.338286511635567,0.973691227630414,0.98,3.18412335423967,9.54992586021437e-06
"2","Out 2 2:07 6/10/17","6/10/17 2:07",0.00683,0.5,242.1,0.5,7.729,100.2,14.36,10.61,903.7807,4.76,1531,0.0185308724334742,6.04041916167665,0.00895335303071,0.197677689966495,4.1226085167661,0.261385561906149,0.461505002174859,9.40850197793046,1.73780082874938e-05,17.3780082874938,-2.16557929631847,-1.73210413361557,0.781067076582544,-2.04801429093805,-0.704042342680167,0.615172096120666,-0.58271840511685,-0.335823587367938,0.973520480546415,1.24,3.18497519069826,1.73780082874938e-05
"3","Out 3 14:07 6/10/17","6/10/17 14:07",0.007293,0.5,246.7,1.729,7.782,102.6,14.47,10.78,906.2249,5.06,1552,0.0185308724334742,6.15518962075848,0.0309606947801952,0.199033223356096,4.22135363094014,0.263387818995959,0.4688995215311,9.43394649177597,8.70963589956081e-06,8.70963589956081,-2.137093786437,-1.73210413361557,0.789241436630547,-1.50918930200015,-0.701074423510352,0.625451735365236,-0.579404313904094,-0.328920210418559,0.974693408649949,0.94,3.19089171692217,8.70963589956081e-06
"4","Out 4 2:07 6/11/17","6/11/17 2:07",0.007101,0.5,247.7,2.072,7.703,102.1,14.67,10.7,920.5907,4.37,1574,0.0185308724334742,6.18013972055888,0.0371026949592622,0.19701271132254,4.20078173215388,0.267028286431978,0.465419747716398,9.5834967728503,4.26579518801593e-05,42.6579518801593,-2.14868048735126,-1.73210413361557,0.790998293726648,-1.43059454420088,-0.705505752116873,0.623330116676349,-0.573442731179849,-0.332155193584069,0.981524000943386,1.63,3.19700472802305,4.26579518801593e-05
"5","Out 5 14:07 6/11/17","6/11/17 14:07",0.007447,1.038,250.3,1.512,7.81,95.75,14.95,10.75,951.4674,4.42,1591,0.0384700911718924,6.24500998003992,0.027074939564867,0.199749354203432,3.9395186175684,0.272124940842404,0.467594606350587,9.90492816989382,3.80189396320561e-05,38.0189396320561,-2.12801864615663,-1.41487678443915,0.795533136749034,-1.56743250410889,-0.699514616100775,0.595443157230099,-0.565231652362683,-0.330130507017655,0.995851330401384,1.58,3.20167017964658,3.80189396320561e-05
"6","Out 6 2:07 6/12/17","6/12/17 2:07",0.006612,0.5,250.1,1.793,7.808,102.7,15.12,10.87,927.6302,4.11,1595,0.0185308724334742,6.24001996007984,0.0321067239681261,0.199698202000051,4.22546801069739,0.27521933816302,0.47281426707264,9.65677909639808,7.76247116628691e-05,77.6247116628691,-2.17966715510059,-1.73210413361557,0.795185978871313,-1.49340400571189,-0.69962584531944,0.625874818186717,-0.560321053857944,-0.325309427182985,0.984832296817656,1.89,3.2027606873932,7.76247116628691e-05
"7","Out 7 14:07 6/12/17","6/12/17 14:07",0.007326,1.705,332.4,1.517,8.327,139.1,15.55,12.34,956.5919,4.21,1628,0.0631902749981469,8.2934131736527,0.0271644730951741,0.212972198777462,5.72310224233697,0.283046343150461,0.53675511091779,9.95827503643556,6.16595001861482e-05,61.6595001861482,-2.13513308567147,-1.19934975462307,0.918733302252884,-1.56599871448734,-0.671677085319778,0.757631504581485,-0.548142451660275,-0.270223811572056,0.998184116833674,1.79,3.21165440055318,6.16595001861482e-05
"8","Out 8 2:07 6/13/17","6/13/17 2:07",0.006874,1.155,254,0.5,7.984,103.4,15.17,10.8,957.2208,4.07,1640,0.0428063153213253,6.3373253493014,0.00895335303071,0.204199595897593,4.25426866899815,0.276129455022025,0.469769464984776,9.96482198625859,8.51138038202376e-05,85.1138038202376,-2.16279047219879,-1.36849215372342,0.801906003760749,-2.04801429093805,-0.689945121698761,0.628824913347363,-0.558887264236401,-0.328115215782329,0.998469544774977,1.93,3.2148438480477,8.51138038202376e-05
"9","Out 1 6/27/17 12:08 pm","6/27/17 12:08",0.002453,0.5,276.9,1.363,8.795,110.9,19.07,11.39,949.603,3.92,1580,0.0185308724334742,6.90868263473054,0.0244068403617155,0.224941814368654,4.56284715079202,0.347118570024391,0.495432796868204,9.88551946699979,0.000120226443461741,120.226443461741,-2.61030245179361,-1.73210413361557,0.839395242886385,-1.6124884394394,-0.647929806184596,0.659235920738599,-0.459522151977126,-0.305015247190179,0.994999495675381,2.08,3.19865708695442,0.000120226443461741
"10","Out 2 6/28/17 12:08 pm","6/28/17 12:08",0.001796,1.921,260.1,0.5,8.167,107.2,18.44,10.62,1004.1205,3.64,1667,0.0711956118894078,6.48952095808383,0.00895335303071,0.208880022506969,4.41061509977371,0.335651097600932,0.461939973901696,10.4530553820529,0.000229086765276777,229.086765276777,-2.74569366766871,-1.14754677308989,0.812212639336684,-2.04801429093805,-0.680103094389573,0.64449915994619,-0.474111928305521,-0.335414454523829,1.01924325136746,2.36,3.22193559982801,0.000229086765276777
"11","Out 3 6/29/17 12:08 pm","6/29/17 12:08",0.015352,2.348,264,1.389,8.254,109.7,18.55,10.73,993.2257,3.79,1686,0.0870209769475947,6.58682634730539,0.0248724147193124,0.21110514335405,4.513474593705,0.337653354690742,0.466724662896912,10.339638767437,0.000162181009735893,162.181009735893,-1.81383503827258,-1.06037604537601,0.818676214010642,-1.60428204953646,-0.675501185436678,0.65451100216415,-0.471528931072067,-0.330939249303328,1.01450536621932,2.21,3.22685757028872,0.000162181009735893
"12","Out 4 6/30/17 12:08 pm","6/30/17 12:08",0.023236,1.409,268.6,0.5,8.142,108.2,18.29,10.45,913.1895,3.97,1551,0.0522199985175302,6.70159680638723,0.00895335303071,0.208240619964705,4.45175889734623,0.332920747023918,0.454545454545455,9.50644909431605,0.000107151930523761,107.151930523761,-1.63383863219581,-1.28216314484223,0.826178295473507,-2.04801429093805,-0.681434551934695,0.64853163535999,-0.477659139546715,-0.342422680822206,0.978018326956038,2.03,3.19061179781361,0.000107151930523761
"13","Out 5 7/1/17 12:08 pm","7/1/17 12:08",0.006668,2.004,232,0.5,7.718,93.35,17.34,9.533,768.4098,3.96,1358,0.0742717367133645,5.78842315369261,0.00895335303071,0.197396352847899,3.84077350339436,0.315628526702829,0.414658547194432,7.99926920674578,0.000109647819614319,109.647819614319,-2.17600440884403,-1.12917642075638,0.76256027203171,-2.04801429093805,-0.704660875742698,0.584418696874536,-0.50082375188294,-0.382309378247124,0.903050312745097,2.04,3.13289976994448,0.000109647819614319
"14","Out 6 7/2/17 12:08 pm","7/2/17 12:08",0.004128,1.803,201.1,0.5,7.219,80.89,15.22,8.8,792.7352,3.38,1485,0.0668223259951078,5.01746506986028,0.00895335303071,0.184633878104299,3.32812178564081,0.27703957188103,0.382775119617225,8.25250052050801,0.000416869383470336,416.869383470335,-2.38426031138084,-1.17507841122918,0.700484357737553,-2.04801429093805,-0.733688608164735,0.522199210005722,-0.557458192588577,-0.41705629911911,0.916585560394503,2.62,3.17172645365323,0.000416869383470336
"15","Out 7 7/3/17 12:08 pm","7/3/17 12:08",0.002821,2.179,212.4,1.631,7.429,88.4,18.41,9.627,864.9914,3.33,1584,0.0807575420650804,5.29940119760479,0.029205837586176,0.190004859459321,3.63711170541041,0.335105027485529,0.418747281426707,9.00469914636685,0.000467735141287198,467.735141287198,-2.54959691384463,-1.09281690770533,0.724226799550242,-1.5345303342338,-0.72123529162938,0.560756639602512,-0.474819056519117,-0.378047999454112,0.954469207299315,2.67,3.19975517725347,0.000467735141287198
"16","OUT 1 7-7-17 11:59 ","7/7/17 11:59",0.006407,2.36,235.3,2.871,9.375,97.32,19.19,11.3,921.2365,3.34,1572,0.0874657178859981,5.87075848303393,0.0514101531023368,0.239775953349191,4.00411437975725,0.349302850486002,0.491518051326664,9.59021965438268,0.000457088189614875,457.088189614875,-2.19334527600814,-1.05816213498148,0.768694214316832,-1.28895110277757,-0.620194373578319,0.60250647484822,-0.45679787028766,-0.308460527785859,0.981828554365018,2.66,3.19645254170339,0.000457088189614875
"17","OUT 2 7-7-17 12:59 ","7/7/17 12:59",0.006505,1.826,239,2.83,9.773,97.16,18.32,11.04,968.6562,3.41,1624,0.0676747461270477,5.96307385229541,0.0506759781538186,0.249955241822041,3.99753137214565,0.333466817139321,0.480208786428882,10.0838663335415,0.00038904514499428,389.045144994281,-2.18675269910239,-1.16957336475331,0.775470188088948,-1.29519785974978,-0.602137751207781,0.601791880722532,-0.4769473756913,-0.318569897876099,1.00362708026204,2.59,3.21058602490516,0.00038904514499428
"18","OUT 3 7-7-17 13:59","7/7/17 13:59",0.013779,1.566,213.9,1.775,9.136,86.17,16.17,10.09,794.0799,3.61,1110,0.0580386924616411,5.33682634730539,0.0317844032590205,0.233663265045142,3.5453610368237,0.294331792202119,0.438886472379295,8.26649906308557,0.000245470891568503,245.470891568503,-1.86078229986241,-1.23628238022966,0.727283071712339,-1.49778593788296,-0.631409559076303,0.549660467535012,-0.53116282511673,-0.357647805032369,0.917321620858774,2.39,3.04532297878666,0.000245470891568503
"19","OUT 4 7-7-17 14:59","7/7/17 14:59",0.009362,1.095,145.4,1.345,7.926,58.28,11.42,7.455,590.297,3.72,1156,0.0405826106293084,3.62774451097804,0.0240845196526099,0.20271618199954,2.39786052252623,0.207870690596673,0.324271422357547,6.14508640433063,0.000190546071796325,190.546071796325,-2.02863136320858,-1.39166001877545,0.55963669366383,-1.61826201093565,-0.693111581979905,0.379823917687392,-0.682206741113302,-0.489091323480266,0.788527993757898,2.28,3.06295783408451,0.000190546071796325
"20","OUT 5 7-7-17 15:59","7/7/17 15:59",0.011135,0.5,171.5,2.498,8.666,67.75,11.53,8.287,679.0067,4.05,1228,0.0185308724334742,4.27894211576846,0.0447309517414272,0.221642497250569,2.78749228553796,0.209872947686483,0.360461070030448,7.06856860295649,8.91250938133746e-05,89.1250938133746,-1.95330977862994,-1.73210413361557,0.6313364115196,-1.34939186123596,-0.65434696527972,0.445213674135882,-0.678043537728432,-0.443141632425579,0.849331477336428,1.95,3.08919836680515,8.91250938133746e-05
"21","OUT 6 7-7-17 16:59 ","7/7/17 16:59",0.008376,0.5,191.3,2.297,8.824,74.93,10.94,8.738,710.7048,4.77,1272,0.0185308724334742,4.77295409181637,0.0411317038230817,0.225683521317681,3.08290475210862,0.199133568750228,0.380078294910831,7.39855090568395,1.69824365246175e-05,16.9824365246175,-2.07696333132921,-1.73210413361557,0.678787257168107,-1.38582330007905,-0.646500150545941,0.48896010718754,-0.700855523025719,-0.420126930895729,0.869146666313078,1.23,3.1044871113124,1.69824365246175e-05
"22","OUT 7 7-7-17 17:59","7/7/17 17:59",0.006736,0.5,214.9,2.856,9.426,82.45,11.06,9.337,775.6377,5.34,1366,0.0185308724334742,5.36177644710579,0.0511415525114155,0.24108033453541,3.39230610985394,0.201317849211839,0.406133101348412,8.07451280449719,4.57088189614875e-06,4.57088189614875,-2.17159792150841,-1.73210413361557,0.729308702632254,-1.29122609216994,-0.617838214554459,0.530495034569977,-0.696117718054452,-0.391331612462424,0.907116327572597,0.66,3.13545069934551,4.57088189614875e-06
"23","OUT 8 7-7-17 18:59","7/7/17 18:59",0.006312,0.5,229.7,2.568,9.252,88.6,11.5,9.728,796.6398,5.18,1408,0.0185308724334742,5.7310379241517,0.0459844211657266,0.236630092841249,3.64534046492491,0.20932687757108,0.423140495867769,8.2931480324797,6.60693448007596e-06,6.60693448007596,-2.19983300979864,-1.73210413361557,0.758233282335837,-1.33738927587726,-0.625930025879494,0.56173809647649,-0.67917500466952,-0.373515409340619,0.918719417596874,0.82,3.14860265480609,6.60693448007596e-06
"24","OUT 9 7-7-17 19:59","7/7/17 19:59",0.005056,0.5,232.2,1.168,9.383,90.36,12.22,9.826,814.983,4.78,1430,0.0185308724334742,5.79341317365269,0.0209150326797386,0.239980562162715,3.71775354865254,0.222432560340748,0.427403218790779,8.48410368519675,1.65958690743756e-05,16.5958690743756,-2.29619293472567,-1.73210413361557,0.762934502543366,-1.67954145249769,-0.619823933652328,0.570280596837764,-0.652801639116596,-0.369162211470476,0.928605967439249,1.22,3.15533603746506,1.65958690743756e-05
"25","OUT 10 7-7-17 20:59","7/7/17 20:59",0.005277,0.5,233.2,3.709,9.434,90.93,13.05,9.967,822.7819,4.36,1441,0.0185308724334742,5.81836327345309,0.0664159727818068,0.241284943348935,3.74120551326887,0.237540500200226,0.433536320139191,8.56529148448886,4.36515832240166e-05,43.6515832240166,-2.27761290582288,-1.73210413361557,0.764800833227787,-1.17772746194546,-0.617469778068393,0.573011565676724,-0.624262333348832,-0.362974513008337,0.932742146980579,1.64,3.15866398081399,4.36515832240166e-05
"26","OUT 11 7-7-17 21:59","7/7/17 21:59",0.003902,0.5,228.1,3.635,9.388,90.87,13.73,10,806.9613,4.13,1448,0.0185308724334742,5.69111776447106,0.0650908765332617,0.240108442671168,3.73873688541452,0.24991808948269,0.434971726837756,8.40059650218613,7.41310241300918e-05,74.1310241300918,-2.4087127349415,-1.73210413361557,0.755197572417459,-1.18647988007902,-0.619592569051521,0.572724902641957,-0.602202307786376,-0.361538971269279,0.924310125158334,1.87,3.16076856186113,7.41310241300918e-05
"27","OUT 12 7-7-17 22:59","7/7/17 22:59",0.003603,1.638,224.2,8.234,9.499,91.33,14.27,10.34,826.1962,3.98,1458,0.0607071380920614,5.5938123752495,0.147443817709732,0.242947389958823,3.75766303229788,0.25974735155994,0.449760765550239,8.60083489485738,0.00010471285480509,104.71285480509,-2.44333573787743,-1.21676024052719,0.747707895399765,-0.831373432612606,-0.614487762304082,0.574917832237348,-0.585448871908484,-0.347018432511355,0.934540610851753,2.02,3.16375752398196,0.00010471285480509
"28","OUT 1 7-13-17 11:53","7/13/17 11:53",0.009091,1.658,196.5,1.947,8.451,78.97,13.33,9.569,676.5503,3.86,1143,0.0614483729894003,4.90269461077844,0.0348643567015847,0.216143635387094,3.24912569430158,0.242637154610652,0.416224445411048,7.04299708515511,0.000138038426460289,138.038426460289,-2.04138834223512,-1.21148961173733,0.690434841852256,-1.45761834375404,-0.66525754827264,0.511766512602502,-0.615042695609272,-0.3806724166872,0.847757508653397,2.14,3.05804623039528,0.000138038426460289
"29","OUT 2 7-13-17 12:53","7/13/17 12:53",0.008076,1.012,158.1,3.161,8.366,62.16,11.11,8.71,627.4337,3.95,1104,0.0375064858053517,3.94461077844311,0.0566030978601486,0.213969666743395,2.55749845710759,0.202227966070843,0.378860374075685,6.53168540495524,0.000112201845430196,112.201845430196,-2.0928036897284,-1.42589362544781,0.59600415707302,-1.24715979943449,-0.669647789733464,0.407815380382297,-0.694158786082264,-0.421520816261616,0.815025259012854,2.05,3.04296907339318,0.000112201845430196
"30","OUT 3 7-13-17 13:53","7/13/17 13:53",0.007852,0.5,156.3,3.382,8.33,61.97,10.9,8.79,643.5015,4.01,1114,0.0185308724334742,3.8997005988024,0.0605604798997224,0.213048927082534,2.54968113556881,0.198405475263024,0.382340147890387,6.69895377888819,9.77237220955811e-05,97.7237220955811,-2.10501970907203,-1.73210413361557,0.591031265159998,-1.21781069201235,-0.671520648571288,0.406485870739118,-0.702446347082508,-0.417550096195507,0.826006981277732,1.99,3.04688519083771,9.77237220955811e-05
"31","OUT 4 7-32-17 14:53","7/13/17 14:53",0.007752,0.5,160.4,3.463,8.342,62.9,11.09,9.079,655.4828,3.69,1151,0.0185308724334742,4.00199600798403,0.0620109230906975,0.213355840302821,2.58794486731125,0.201863919327242,0.394910830795998,6.8236810326879,0.000204173794466953,204.173794466953,-2.11058623595729,-1.73210413361557,0.602276651088955,-1.20753180372461,-0.670895464468263,0.412955020034708,-0.694941298873971,-0.403500955170942,0.834018717898456,2.31,3.06107532362979,0.000204173794466953
"32","OUT 5 7-13-17 15:53","7/13/17 15:53",0.007277,1.04,162.5,3.624,8.554,64.04,11.55,9.289,655.8687,3.78,1156,0.0385442146616263,4.05439121756487,0.0648939027665861,0.218777973861224,2.63484879654392,0.210236994430085,0.404045237059591,6.82769831355403,0.000165958690743756,165.958690743756,-2.13804762507855,-1.41404079865281,0.607925652455704,-1.1877961062693,-0.659996404057283,0.420755697836701,-0.677290860794968,-0.393570008390587,0.834274323272613,2.22,3.06295783408451,0.000165958690743756
"33","OUT 6 7-13-17 16:53","7/13/17 16:53",0.00642,1.148,161.5,3.029,8.249,63.05,11.65,8.98,645.8374,3.67,1157,0.0425468831072567,4.02944111776447,0.0542394126600412,0.210977262845597,2.59411643694713,0.212057228148094,0.390604610700304,6.72327087237143,0.000213796208950223,213.796208950223,-2.19246497193115,-1.37113224988963,0.605244813807932,-1.26568502194122,-0.6757643463742,0.413989465498539,-0.673546919661094,-0.408262634601975,0.827580608801418,2.33,3.06333335895175,0.000213796208950223
"34","OUT 7 7-13-17 17:53","7/13/17 17:53",0.005515,1.167,159.7,3.525,8.022,63.25,11.85,8.877,684.9042,3.63,1166,0.0432510562597287,3.98453093812375,0.0631211388665055,0.205171487761835,2.60234519646163,0.215697695584113,0.386124401913876,7.12996252342286,0.000234422881531992,234.422881531992,-2.25845448322379,-1.36400328190622,0.600377203279294,-1.19982517394666,-0.687882992332448,0.415364904437295,-0.666154494677009,-0.413272751388984,0.853087247115059,2.37,3.066698550423,0.000234422881531992
"35","OUT 8 7-13-17 18:53","7/13/17 18:53",0.0058,1.306,164.9,3.823,8.128,65.29,12.43,9.045,652.132,3.59,1175,0.0484026387962345,4.11427145708583,0.0684573372728087,0.207882554541037,2.68627854350957,0.226255051148567,0.39343192692475,6.78879866749948,0.000257039578276886,257.039578276886,-2.23657200643706,-1.31513096101253,0.614292942785329,-1.16457999725505,-0.682181955038232,0.429151043193902,-0.645401716381487,-0.405130400073446,0.83179292917954,2.41,3.07003786660776,0.000257039578276886
"36","OUT 9 7-13-17 19:53","7/13/17 19:53",0.006092,1.273,164.8,4.18,7.97,64.6,12.53,9,704.5309,3.52,1185,0.0471796012156252,4.11177644710579,0.0748500313367356,0.203841530473925,2.65788932318453,0.228075284866577,0.39147455415398,7.3342796169061,0.000301995172040202,301.995172040202,-2.215240105336,-1.32624573429793,0.614029494501908,-1.12580801349904,-0.690707328581963,0.424536892584523,-0.641921774028981,-0.407296461829954,0.865357463269046,2.48,3.07371835034612,0.000301995172040202
"37","OUT 10 7-13-17 20:53","7/13/17 20:53",0.005463,1.324,160.8,4.179,8.068,64.6,12.86,9.098,687.3864,3.46,1193,0.0490697502038396,4.01197604790419,0.0748321246306742,0.206347988439602,2.65788932318453,0.234082056136008,0.39573727707699,7.1558026233604,0.000346736850452532,346.736850452532,-2.26256879948542,-1.3091861528479,0.603358331553243,-1.12591192413045,-0.685399760437348,0.424536892584523,-0.630631876434928,-0.402593038775343,0.854658353028983,2.54,3.07664044367034,0.000346736850452532
"38","OUT 11 7-13-17 21:53","7/13/17 21:53",0.004878,1.351,159.1,4.756,7.943,62.94,13.13,9.088,625.4232,3.36,1199,0.0500704173152472,3.96956087824351,0.0851642940281135,0.20315097572828,2.58959061921415,0.238996687174633,0.395302305350152,6.51075577763898,0.000436515832240166,436.515832240166,-2.31175820402229,-1.30041878892955,0.598742466787392,-1.06974244932742,-0.692181087428685,0.413231113166641,-0.621608118933652,-0.403070652902335,0.813631405005475,2.64,3.07881918309885,0.000436515832240166
"39","OUT 12 7-13-17 22:53","7/13/17 22:53",0.004812,1.41,157.9,5.012,8.035,63.72,13.49,9.131,669.9998,3.36,1211,0.0522570602623972,3.93962075848303,0.089748410779837,0.205503977083813,2.62168278132072,0.245549528559467,0.397172683775555,6.97480533000208,0.000436515832240166,436.515832240166,-2.31767438133219,-1.28185502529621,0.595454417149105,-1.04697323295196,-0.687179768878712,0.418580141718533,-0.609860895351227,-0.401020628488571,0.84353209075772,2.64,3.08314414314305,0.000436515832240166
"40","Out 1 14:46, 6/1/17","6/1/17 14:46",0.011532,0.5,230.7,0.5,6.269,89.15,11.37,8.79,847.1476,6.23,1454,0.0185308724334742,5.7559880239521,0.00895335303071,0.160336581498248,3.6679695535898,0.206960573737668,0.382340147890387,8.81894232771185,5.88843655355588e-07,0.588843655355588,-1.93809536628383,-1.73210413361557,0.760119881661904,-2.04801429093805,-0.794967380139117,0.564425722100812,-0.684112380335397,-0.417550096195507,0.94541650250346,-0.23,3.16256440652302,5.88843655355588e-07
"41","Out 2 14:46, 6/2/17","6/2/17 14:46",0.01106,0.5,252.8,0.5,6.655,96.66,13.02,9.14,871.7638,6.18,1514,0.0185308724334742,6.30738522954092,0.00895335303071,0.170208956750812,3.97695947335939,0.236994430084823,0.397564158329709,9.07520091609411,6.60693448007596e-07,0.660693448007596,-1.95624487303132,-1.73210413361557,0.799849356751158,-2.04801429093805,-0.769017590167382,0.599551165392301,-0.625261860790958,-0.400592775535448,0.957856248670696,-0.18,3.18012587516405,6.60693448007596e-07
"42","Out 3 14:46, 6/3/17","6/3/17 14:46",0.010655,0.5,261,0.5,6.59,99.6,13.23,9.181,883.6022,6.15,1512,0.0185308724334742,6.51197604790419,0.00895335303071,0.168546510140924,4.09792223822259,0.240816920892643,0.399347542409743,9.19844055798459,7.07945784384137e-07,0.707945784384137,-1.97244654594978,-1.73210413361557,0.813712794479092,-2.04801429093805,-0.773280235384066,0.612563713013138,-0.61831300083563,-0.398648983877488,0.963714206207761,-0.15,3.17955179116519,7.07945784384137e-07
"43","Out 4 14:46, 6/4/17","6/4/17 14:46",0.009543,0.5,262.8,0.5,6.655,102.8,13.68,9.193,948.3341,6.42,1576,0.0185308724334742,6.55688622754491,0.00895335303071,0.170208956750812,4.22958239045464,0.249007972623685,0.399869508481949,9.87231001457423,3.80189396320561e-07,0.380189396320561,-2.02031507617297,-1.73210413361557,0.816697648028554,-2.04801429093805,-0.769017590167382,0.626297489248696,-0.603786747639034,-0.398081711152571,0.994418784807572,-0.42,3.19755621315354,3.80189396320561e-07
"44","Out 5 14:46, 6/5/17","6/5/17 14:46",0.012525,0.5,249.1,0.5,6.409,95.37,12.29,8.608,840.3724,3.82,1512,0.0185308724334742,6.21506986027944,0.00895335303071,0.163917235734929,3.92388397449085,0.223706723943354,0.37442366246194,8.74841140953571,0.000151356124843621,151.356124843621,-1.90222226546072,-1.73210413361557,0.793446014677317,-2.04801429093805,-0.785375378394009,0.593716157223874,-0.650320962136677,-0.426636712946965,0.941929198312775,2.18,3.17955179116519,0.000151356124843621
"45","Out 6 14:46, 6/6/17","6/6/17 14:46",0.011985,0.5,248.4,0.5,6.379,95.99,11.65,8.554,852.4732,6.09,1454,0.0185308724334742,6.19760479041916,0.00895335303071,0.163149952684212,3.94939312898581,0.212057228148094,0.372074815137016,8.87438267749323,8.128305161641e-07,0.8128305161641,-1.92136196163033,-1.73210413361557,0.792223878645353,-2.04801429093805,-0.787413047827615,0.596530366264114,-0.673546919661094,-0.429369725348487,0.948138152253008,-0.0899999999999999,3.16256440652302,8.128305161641e-07
"46","Out 1 8-25-17 10:19 am","8/25/17 10:19",0.004551,2.559,239.5,4.618,7.021,102.5,19.47,8.416,NA,3.16,1725,0.0948410051145208,5.97554890219561,0.0826931685916376,0.179569809969564,4.21723925118288,0.354399504896429,0.366072205306655,NA,0.000691830970918936,691.830970918936,-2.34189316449361,-1.0230038520644,0.776377804891393,-1.08253036669292,-0.745766676943401,0.625028239981212,-0.4505068935031,-0.436433244459615,NA,2.84,3.23678909940929,0.000691830970918936
"47","Out 2 8-28-17 0:19 am","8/28/17 10:19",0.002068,2.543,237,4.975,6.303,102.5,21.8,8.105,NA,3.1,1819,0.0942480171966496,5.91317365269461,0.0890858626555645,0.161206168955728,4.21723925118288,0.396810950526048,0.352544584602001,NA,0.000794328234724281,794.328234724281,-2.6844494655781,-1.02572777777588,0.771820633150915,-1.05019121019233,-0.792618342852461,0.625028239981212,-0.401416351418526,-0.452785952084745,NA,2.9,3.25983269906348,0.000794328234724281
"48","Out 1 9-12-17 4:41pm","9/12/17 16:41",0.000138,2.838,230.3,7.428,5.709,108.5,23.67,8.003,1192.4176,2.87,1907,0.105181231932399,5.74600798403194,0.133011012624228,0.146013964551523,4.46410203661798,0.430849321052823,0.348107872988256,12.4132583801791,0.00134896288259165,1348.96288259165,-3.86012091359876,-0.97806174683013,0.759366225105042,-0.876112400206331,-0.835605606971393,0.649734112773987,-0.365674587094049,-0.45828615437532,1.093885795261,3.13,3.28035069304601,0.00134896288259165
"49","Out 2 9-15-17 4:41 pm","9/15/17 16:41",0.000315,2.771,235.2,6.41,6.051,108.1,24.83,8.295,1051.3962,2.87,1942,0.102698095026314,5.86826347305389,0.114781985853702,0.154760991329702,4.44764451758897,0.451964032181732,0.360809047411918,10.9452029981262,0.00134896288259165,1348.96288259165,-3.5016894462104,-0.988437612169354,0.768509604544912,-0.940126265755256,-0.810338497045648,0.648130068542749,-0.344896125468567,-0.442722580908899,1.03922382073707,3.13,3.28824922557199,0.00134896288259165
"50","Out 3 9-18-17 4:41 pm","9/18/17 16:41",NA,2.869,236.3,5.284,6.047,109.1,24.96,8.04,1059.1193,2.83,1953,0.106330146023275,5.89570858283433,0.0946190348285433,0.154658686922939,4.48878831516149,0.454330336015144,0.349717268377555,11.0256017072663,0.00147910838816821,1479.10838816821,NA,-0.973343589705587,0.77053600877318,-1.02402148633158,-0.810625681372134,0.652129125177781,-0.342628264012745,-0.456282922520828,1.04240229981922,3.17,3.29070224328785,0.00147910838816821
"51","Out 4 9-21-17 4:41 pm","9/21/17 16:41",NA,3.345,230.5,6.42,6.836,109.4,28.6,8.997,1070.953,2.79,2011,0.123971536579942,5.75099800399202,0.114961052914316,0.174838231156807,4.50113145443324,0.520586843350686,0.391344062635929,11.1487924214033,0.00162181009735893,1621.81009735893,NA,-0.906678015847744,0.759743216866478,-0.93944926720522,-0.757363595929376,0.653321696586851,-0.283506811894088,-0.407441250790089,1.04722782943597,3.21,3.30341207059674,0.00162181009735893
"52","Out 1 9-29-17","9/29/17 17:41",NA,3.631,279.9,10.62,6.946,124.7,32.54,9.892,1128.3283,2.8,2028,0.134571195611889,6.98353293413174,0.19016921837228,0.177651602342771,5.13063155729274,0.592304051840256,0.430274032187908,11.7460784926088,0.00158489319246111,1584.89319246111,NA,-0.871047889038693,0.844075185606973,-0.720859778528623,-0.750430871003332,0.710170828067982,-0.227455296422291,-0.366254863580019,1.06989289866878,3.2,3.3070679506613,0.00158489319246111
"53","Out 2 10-1-17","10/1/17 17:41",NA,3.543,279,10.96,7.335,126.4,33.37,10.19,1120.4466,2.83,2022,0.131309762063598,6.96107784431138,0.196257498433163,0.187600705900407,5.20057601316602,0.607411991699734,0.443236189647673,11.6640287320425,0.00147910838816821,1479.10838816821,NA,-0.881702985618408,0.842676490414408,-0.707173741125723,-0.726765531798774,0.716051448535805,-0.216516638368339,-0.353364787262853,1.06684858077432,3.17,3.30578115125498,0.00147910838816821
"54","Out 3 10-3-17","10/3/17 17:41",NA,3.385,276.2,9.133,6.71,126.5,31.84,9.486,1118.5512,2.83,2032,0.12545400637462,6.89121756487026,0.163541946458949,0.171615642343794,5.20469039292327,0.579562415814191,0.412614180078295,11.6442973141786,0.00147910838816821,1479.10838816821,NA,-0.901515464930422,0.838295961383423,-0.786370837626165,-0.765443129809083,0.716394900101276,-0.2368997859575,-0.384455850953426,1.06611328576185,3.17,3.30792370361188,0.00147910838816821
"55","Out 4 10-5-17","10/5/17 17:41",0.001428,3.468,269.2,8.515,7.869,121.8,27.7,8.979,990.1198,2.89,1858,0.128530131198577,6.71656686626747,0.152475602112991,0.201258344203177,5.01131454433244,0.504204739888602,0.390561113527621,10.3073058505101,0.00128824955169313,1288.24955169313,-2.84527179255984,-0.890995049147413,0.82714734269275,-0.816799642975454,-0.69624610466806,0.699951662886296,-0.297393075958683,-0.408310999709425,1.0131451631342,3.11,3.26904570965762,0.00128824955169313
"56","Out 1 10-8-17 6pm","10/8/17 18:00",0.005837,2.983,225.9,7.391,8.182,98.35,26.96,8.291,1043.5819,2.92,1899,0.110555184938107,5.63622754491018,0.132348464499955,0.209263664032328,4.04649249125694,0.490735010375332,0.360635058721183,10.8638548823652,0.00120226443461741,1202.26443461741,-2.23381030668984,-0.956420884589523,0.750988518061174,-0.878281092995537,-0.679306174815721,0.607078738844794,-0.309152957159849,-0.442932056124297,1.03598395573899,3.08,3.27852496473702,0.00120226443461741
"57","Out 2 10-8-17 7:30 pm","10/8/17 19:30",0.005444,2.953,227.7,9.694,7.654,102,28.18,8.722,1034.8585,2.87,1914,0.109443332592098,5.6811377245509,0.173587608559406,0.195759482339702,4.19666735239663,0.512941861735047,0.37938234014789,10.7730428898605,0.00134896288259165,1348.96288259165,-2.2640818834687,-0.960810690986507,0.754435317755954,-0.760481279887333,-0.708277192089595,0.622904546351357,-0.289931856249794,-0.420922888931871,1.03233838887132,3.13,3.28194193344082,0.00134896288259165
"58","Out 3 10-8-17 9pm","10/8/17 21:00",0.005337,2.911,223.7,8.659,7.661,98.33,27.17,8.615,1018.8543,2.88,1851,0.107886739307687,5.5813373253493,0.155054167785836,0.195938515051536,4.04566961530549,0.494557501183152,0.374728142670726,10.6064366021237,0.00131825673855641,1318.25673855641,-2.27270279719641,-0.967031932512775,0.74673827123744,-0.809516555630696,-0.7078801876384,0.606990413751567,-0.305783206605241,-0.426283689485232,1.02556950039808,3.12,3.2674064187529,0.00131825673855641
"59","Out 4 10-8-17 10:30 pm","10/8/17 22:30",0.005472,2.739,206.4,7.985,7.749,92.75,26.32,8.665,863.0456,2.98,1666,0.101512119190571,5.1497005988024,0.142985047900439,0.198189212000307,3.81608722485085,0.479085514580072,0.376903001304915,8.98444305642307,0.0010471285480509,1047.1285480509,-2.26185391128794,-0.993482105697624,0.711781980095984,-0.844709374799572,-0.702919989085096,0.581618292876523,-0.319586960081213,-0.423770404219343,0.953491160463467,3.02,3.22167499707077,0.0010471285480509
"60","Out 5 10-9-17 12 am","10/9/17 0:00",0.009816,2.341,171.4,4.163,8.382,74.28,21.46,7.768,577.6868,3.22,1181,0.0867615447335261,4.27644710578842,0.0745456173336915,0.214378884370444,3.05616128368648,0.390622155884816,0.337886037407569,6.01381220070789,0.000602559586074357,602.559586074357,-2.00806545028105,-1.06167272425496,0.63108310472799,-1.1275778843873,-0.66881799348025,0.485176269657182,-0.408243127393199,-0.471229754369331,0.779149861830722,2.78,3.07224989761351,0.000602559586074357
"61","Out 6 10-9-17 1:30 am","10/9/17 1:30",0.008178,1.849,125.6,1.768,7.872,54.72,15.42,5.638,623.8979,3.2,1231,0.0685271662589875,3.13373253493014,0.0316590563165906,0.201335072508248,2.25138860316807,0.280680039317048,0.245237059591127,6.49487716010827,0.000630957344480193,630.957344480193,-2.08735289378168,-1.16413722679241,0.496061926541988,-1.49950203459702,-0.696080564554791,0.352450463301499,-0.551788471308193,-0.610413899733696,0.812570941522729,2.8,3.09025805293132,0.000630957344480193
"62","Out 7 10-9-17 3 am","10/9/17 3:00",0.009175,2.097,144.6,3.737,8.858,62.53,16.83,6.253,715.7849,3.23,1344,0.0777184789859907,3.60778443113772,0.0669173605515266,0.226553108775161,2.57272166220942,0.306345334740981,0.271987820791649,7.45143556110764,0.000588843655355589,588.843655355589,-2.03739392707587,-1.10947570748624,0.557240580099323,-1.17446119742444,-0.644829974029336,0.410392803270108,-0.513788729047308,-0.56545054258861,0.872239950091574,2.77,3.12839926871781,0.000588843655355589
"63","Out 8 10-9-17 4:30 am","10/9/17 4:30",0.011134,1.817,163.4,2.488,8.931,70.95,16.11,6.774,715.2925,3.37,1331,0.0673411904232451,4.07684630738523,0.044551884680813,0.228420164198573,2.91915243777001,0.293239651971313,0.294649847759896,7.44630959816781,0.000426579518801593,426.579518801593,-1.95334878302908,-1.17171921064355,0.610324339337207,-1.35113391925529,-0.641265560611688,0.465256774382932,-0.532777304603913,-0.530693778960667,0.871941089091703,2.63,3.12417805547468,0.000426579518801593
"64","Out 9 10-9-17 6 am","10/9/17 6:00",0.010932,1.632,178,1.706,8.861,75.54,14.93,6.698,823.7494,3.42,1460,0.0604847676228597,4.44111776447106,0.0305488405407825,0.226629837080232,3.10800246862785,0.271760894098802,0.291344062635929,8.57536331459504,0.000380189396320561,380.189396320561,-1.96130037697938,-1.21835398353374,0.647492289449705,-1.51500526844257,-0.644682913421157,0.492481355080945,-0.565813037298106,-0.535593828065431,0.933252528969188,2.58,3.16435285578444,0.000380189396320561
"65","Out 10 10-9-17 7:30 am","10/9/17 7:30",0.010558,1.606,207.4,1.691,8.859,85.36,15.65,7.395,879.223,3.4,1536,0.059521162256319,5.17465069860279,0.0302802399498612,0.226578684876851,3.51203456078996,0.28486657686847,0.32166159199652,9.15285238392671,0.000398107170553497,398.107170553497,-1.97641834233506,-1.22532859700892,0.713881039193833,-1.51884068767633,-0.644780948293335,0.545558781005853,-0.545358503140664,-0.492600792936368,0.961556458170762,2.6,3.18639121569549,0.000398107170553497
"66","Out 11 10-9-17 9 am","10/9/17 9:00",0.010018,1.695,212.4,2.173,8.582,90.3,16.39,7.528,876.8849,3.34,1559,0.0628196575494774,5.29940119760479,0.0389112722714657,0.21949410470856,3.71528492079819,0.298336306381739,0.327446715963462,9.12851238809078,0.000457088189614875,457.088189614875,-1.9992189726465,-1.20190443541248,0.724226799550242,-1.40992456895355,-0.658577139781422,0.569992124902945,-0.525293891452632,-0.484859360850079,0.960400009266755,2.66,3.19284611518884,0.000457088189614875
"67","Out 12 10-9-17 10:30 am","10/9/17 10:30",0.009222,1.884,213.5,2.743,8.549,90.45,16.96,7.469,902.679,3.29,1576,0.0698243273293307,5.32684630738523,0.0491180947264751,0.218650093352771,3.72145649043407,0.308711638574393,0.32488038277512,9.39703310430981,0.000512861383991365,512.861383991365,-2.03517488211661,-1.15599323949473,0.726470166501853,-1.30875848766954,-0.66025033289683,0.570712945785272,-0.510446997102436,-0.488276511830552,0.972990756811053,2.71,3.19755621315354,0.000512861383991365
"68","Out 1 10-11-17 3:02 am","10/11/17 3:02",0.002598,2.192,210,4.655,7.137,89.54,19.74,7.63,949.3677,2.95,1701,0.0812393447483508,5.23952095808383,0.0833557167159101,0.182536637765672,3.68401563464308,0.359314135935054,0.331883427577208,9.88306995627733,0.00112201845430196,1122.01845430196,-2.58536085326299,-1.09023358813925,0.71929158187473,-1.07906460995671,-0.738649953221147,0.566321464636865,-0.444525696689513,-0.479014433314399,0.994891869483872,3.05,3.23070431361257,0.00112201845430196
"69","Out 2 10-11-17 4:02 am","10/11/17 4:02",0.002192,2.619,204.3,8.249,7.049,90.51,24.44,8.028,950.259,2.89,1719,0.0970647098065377,5.09730538922156,0.147712418300654,0.180285940816901,3.72392511828842,0.444865120681496,0.34919530230535,9.89234853216739,0.00128824955169313,1288.24955169313,-2.65915945018767,-1.01293863952635,0.707340653773258,-0.830582991670198,-0.744038139410201,0.57100093948409,-0.351771643452615,-0.456931607453831,0.995299409239051,3.11,3.23527587668705,0.00128824955169313
"70","Out 3 10-11-17 5:02 am","10/11/17 5:02",0.001785,2.628,204.5,8.527,6.893,90.71,25.04,8.154,1291.543,2.91,1741,0.0973982655103402,5.10229540918164,0.152690482585728,0.17629606895317,3.73215387780292,0.455786522989552,0.354675946063506,13.4451696856132,0.00123026877081238,1230.26877081238,-2.74836177955179,-1.01144877706384,0.707765599484171,-0.816188032290773,-0.753757371483889,0.57195954153293,-0.341238520484739,-0.450168264153141,1.12856628763484,3.09,3.24079877111733,0.00123026877081238
"71","Out 4 10-11-17 6:02 am","10/11/17 6:02",0.001785,2.538,200.2,9.651,6.776,89.22,24.35,8.08,895.9803,2.96,1611,0.0940627084723149,4.99500998003992,0.172817620198764,0.173303665055372,3.67084961941987,0.443226910335287,0.351457155284907,9.32729856339788,0.00109647819614319,1096.47819614319,-2.74836177955179,-1.0265825201929,0.69853636028411,-0.762411979652441,-0.761192252655425,0.564766593495037,-0.353373879472478,-0.454127610494693,0.969755878592051,3.04,3.20709554041922,0.00109647819614319
"72","Out 5 10-11-17 7:02 am","10/11/17 7:02",0.001785,2.426,189.2,9.465,6.84,84.3,22.74,7.77,907.3518,2.96,1678,0.0899117930472167,4.72055888223553,0.16948697287134,0.174940535563569,3.46842213536309,0.413921147475336,0.337973031752936,9.4456777014366,0.00109647819614319,1096.47819614319,-2.74836177955179,-1.04618334142103,0.673993419206585,-0.770863676974258,-0.757109548257959,0.540131949214181,-0.383082384671415,-0.471117952468365,0.975233122812182,3.04,3.22479195649268,0.00109647819614319
"73","Out 6 10-11-17 8:02 am","10/11/17 8:02",0.001785,2.528,194.9,8.612,7.036,87.93,23.88,7.808,908.6478,2.95,1649,0.0936920910236454,4.8627744510978,0.154212552600949,0.179953451494923,3.61777412055133,0.434671811860643,0.33962592431492,9.45916926920675,0.00112201845430196,1122.01845430196,-2.74836177955179,-1.02829706834124,0.686884126258432,-0.811880274122624,-0.744839819192652,0.558441447747537,-0.3618385225658,-0.468999166610644,0.975852997116229,3.05,3.21722065564452,0.00112201845430196
"74","Out 7 10-11-17 9:02 am","10/11/17 9:02",0.001785,2.504,195.7,9.034,7.084,87.22,22.81,7.837,920.6755,2.96,1669,0.0928026091468386,4.88273453093812,0.161769182558868,0.181181104376071,3.58856202427484,0.415195311077942,0.340887342322749,9.58437955444514,0.00109647819614319,1096.47819614319,-2.74836177955179,-1.03243981341319,0.688663112798812,-0.791104209048698,-0.741887097460038,0.554920456926847,-0.381747559746483,-0.467389124501357,0.981564004037009,3.04,3.22245633667925,0.00109647819614319
"75","Out 8 10-11-17 10:02 am","10/11/17 10:02",0.001785,2.557,201,8.978,7.248,89.43,23.15,8.024,954.7222,2.96,1697,0.0947668816247869,5.01497005988024,0.160766407019429,0.185375585053326,3.6794898169101,0.421384105719174,0.349021313614615,9.93881115969186,0.00109647819614319,1096.47819614319,-2.74836177955179,-1.02334340992525,0.7002683445613,-0.793804694208439,-0.731947465309319,0.565787605341732,-0.375321849669159,-0.457148051256917,0.997334438958307,3.04,3.22968184231768,0.00109647819614319
"76","Out 9 10-11-17 11:02 am","10/11/17 11:02",0.001785,2.515,198.3,9.148,7.151,86.75,23.47,8.298,925.5076,2.94,1702,0.0932102883403751,4.94760479041916,0.16381054704987,0.18289470318934,3.56922443941576,0.427208853616804,0.36093953892997,9.63468249011035,0.00114815362149688,1148.15362149688,-2.74836177955179,-1.03053614855964,0.694395001346113,-0.785658139339363,-0.737798871937206,0.55257385805235,-0.369359755424539,-0.442565540776325,0.983837407100956,3.06,3.23095955574857,0.00114815362149688
"77","Out 10 10-11-17 12:02 pm","10/11/17 12:02",0.001785,2.541,200.2,9.34,7.121,88.98,23.77,7.942,944.9055,2.95,1704,0.0941738937069157,4.99500998003992,0.167248634613663,0.182127420138622,3.66097510800247,0.432669554770833,0.345454545454545,9.83661773891318,0.00112201845430196,1122.01845430196,-2.74836177955179,-1.02606947290122,0.69853636028411,-0.77663741904398,-0.739624664208277,0.563596776001465,-0.363843663294951,-0.461609088541415,0.992845794586512,3.05,3.23146959043068,0.00112201845430196
"78","Out 11 10-11-17 1:02 pm","10/11/17 13:02",0.001638,2.452,206,9.341,6.883,91.7,23.85,7.938,955.8175,2.94,1683,0.0908753984137573,5.13972055888224,0.167266541319724,0.176040307936264,3.77288623739971,0.43412574174524,0.34528055676381,9.95021340828649,0.00114815362149688,1148.15362149688,-2.7856861025756,-1.04155367210521,0.710939507509964,-0.776590923194473,-0.754387880424342,0.57667371025946,-0.362384461646999,-0.461827876698134,0.997832395423846,3.06,3.22608411597582,0.00114815362149688
"79","Out 12 10-11-17 2:02 pm","10/11/17 14:02",0.001638,2.491,203.7,8.846,6.861,88.48,23.24,7.705,967.1515,2.93,1695,0.0923208064635683,5.08233532934132,0.158402721819321,0.175477633699072,3.64040320921621,0.423022316065383,0.335145715528491,10.0682021653133,0.00117489755493953,1174.89755493953,-2.7856861025756,-1.03470041041508,0.706063316140975,-0.800237360240489,-0.755778230651665,0.561149488550062,-0.373636721304838,-0.474766328214841,1.0029519274165,3.07,3.2291697025391,0.00117489755493953
"80","Out 1 10-14-17 11:17 am","10/14/17 11:17",0.000153,2.852,211.8,8.036,7.011,95.5,25.13,8.589,996.5037,2.86,1881,0.105700096360537,5.28443113772455,0.143898289909571,0.179314048952659,3.92923266817527,0.45742473333576,0.373597216180948,10.3737632729544,0.00138038426460289,1380.38426460289,-3.8153085691824,-0.975924616771758,0.722998242912277,-0.841944367197862,-0.746385682866186,0.594307746173185,-0.339680356430555,-0.427596368528018,1.01593633326402,3.14,3.27438879555038,0.00138038426460289
"81","Out 2 10-15-17 11:17 am","10/15/17 11:17",NA,3.065,224.2,8.346,6.988,101.4,28.01,9.13,1010.8498,2.86,1925,0.113594248017197,5.5938123752495,0.149449368788611,0.178725798613775,4.17198107385312,0.509847464414431,0.397129186602871,10.5231084738705,0.00138038426460289,1380.38426460289,NA,-0.944643659097152,0.747707895399765,-0.825505914898383,-0.747812753667182,0.620342329586756,-0.292559736199563,-0.40106819373498,1.02214404719784,3.14,3.28443073384452,0.00138038426460289
"82","Out 3 10-16-17 11:17 am","10/16/17 11:17",0.000579,3.018,221.4,9.632,7.116,100.2,26.61,8.677,997.0916,2.87,1866,0.11185234600845,5.52395209580838,0.172477392783597,0.18199953963017,4.1226085167661,0.484364192362299,0.377424967377121,10.3798834062045,0.00134896288259165,1348.96288259165,-3.23732143627256,-0.951354902512014,0.742249903683515,-0.763267821360324,-0.739929710566188,0.615172096120666,-0.314827970471743,-0.423169373817473,1.01619247525363,3.13,3.27091163941048,0.00134896288259165
"83","Out 4 10-17-17 11:17 am","10/17/17 11:17",0.000165,3.015,222.2,10.51,6.862,99.22,25.86,8.574,1001.2515,2.89,1888,0.111741160773849,5.5439121756487,0.188199480705524,0.175503209800762,4.08228759514503,0.470712439477229,0.372944758590692,10.4231886321049,0.00128824955169313,1288.24955169313,-3.78251605578609,-0.951786821475415,0.743816341745659,-0.725381579245831,-0.755714936257921,0.610903597289606,-0.327244324478756,-0.428355492094665,1.0180005974173,3.11,3.27600198996205,0.00128824955169313
"84","Out 5 10-18-17 11:17 am","10/18/17 11:17",NA,3.462,228.4,11.33,7.577,101.1,30.49,0.605,948.2606,2.92,1901,0.128307760729375,5.69860279441118,0.202882979675889,0.193790122509527,4.15963793458136,0.554989260621064,0.0263157894736842,9.87154486779096,0.00120226443461741,1202.26443461741,NA,-0.89174707441221,0.755768386714621,-0.692754385410676,-0.712668362728647,0.61905553018044,-0.255715420657751,-1.57978359661681,0.994385123799834,3.08,3.27898211686544,0.00120226443461741
"85","Out 6 10-19-17 11:17 am","10/19/17 11:17",NA,3.702,223.9,8.998,7.743,101.9,31.53,10.26,1136.3888,2.94,1909,0.137202579497443,5.58632734530938,0.161124541140657,0.198035755390163,4.19255297263938,0.573919691288361,0.446280991735537,11.8299895898397,0.00114815362149688,1148.15362149688,NA,-0.8626377235347,0.747126380719841,-0.792838306444525,-0.703256390714544,0.622478558595866,-0.241148874275227,-0.350391610493482,1.07298436245742,3.06,3.28080592839367,0.00114815362149688
"86","Out 7 10-20-17 11:17 am","10/20/17 11:17",NA,3.588,229.1,11.54,7.604,103,30.8,10.35,1111.4723,2.89,1936,0.132977540582611,5.71606786427146,0.206643387948787,0.194480677255173,4.23781114996914,0.560631985146893,0.450195737277077,11.5706048303144,0.00128824955169313,1288.24955169313,NA,-0.876221703579531,0.757097376330208,-0.684778486454361,-0.71112354178467,0.627141599294611,-0.251322128522687,-0.346598621476342,1.06335606142388,3.11,3.28690535297237,0.00128824955169313
"87","10/22/17","10/22/17 11:39",NA,3.445,238,9.74,6.723,106.9,31.09,9.374,1111.2362,2.83,1952,0.127677711066637,5.93812375249501,0.174411317038231,0.171948131665772,4.39827196050195,0.56591066292912,0.407742496737712,11.5681469914637,0.00147910838816821,1479.10838816821,NA,-0.893884911707941,0.773649244197323,-0.758425338395458,-0.764602538723352,0.643282079798217,-0.24725212297994,-0.389614022085088,1.06326379837853,3.17,3.29047981333067,0.00147910838816821
"88","10/23/17","10/23/17 11:39",NA,3.393,243,11,6.699,108.1,31.51,9.247,1098.2206,2.83,1943,0.125750500333556,6.06287425149701,0.19697376667562,0.171334305225198,4.44764451758897,0.57355564454476,0.402218355806873,11.4326525088486,0.00147910838816821,1479.10838816821,NA,-0.900490278306468,0.782678560739123,-0.705591610115848,-0.766155672186975,0.648130068542749,-0.241424441849132,-0.395538113640495,1.05814700347582,3.17,3.28847280059978,0.00147910838816821
"89","10/24/17","10/24/17 11:39",NA,3.266,228.8,12.15,7.059,102.2,29.09,9,933.8808,2.89,1717,0.121043658735453,5.70858283433134,0.217566478646253,0.180541701833807,4.20489611191113,0.529505988568932,0.39147455415398,9.72184884447221,0.00128824955169313,1288.24955169313,NA,-0.917057957550936,0.756528307261797,-0.662408017339743,-0.743422468082392,0.623755270388133,-0.276129123776072,-0.407296461829954,0.987748864370496,3.11,3.23477029516092,0.00128824955169313
"90","10/25/17","10/25/17 11:39",NA,3.062,202,10.66,7.686,89.81,26.69,8.658,908.8318,2.94,1695,0.113483062782596,5.03992015968064,0.190885486614737,0.1965779175938,3.69512445998766,0.485820379336707,0.376598521096129,9.46108473870498,0.00114815362149688,1148.15362149688,NA,-0.945068951589343,0.702423656587434,-0.71922709058352,-0.706465269849746,0.567629070978624,-0.313524271235624,-0.424121389792141,0.975940932281987,3.06,3.2291697025391,0.00114815362149688
"91","10/26/17","10/26/17 11:39",0.00204669,3.098,209.8,8.72,6.998,92.42,26.74,8.373,934.3323,2.93,1747,0.114817285597806,5.23453093812375,0.156146476855582,0.178981559630681,3.80250977165192,0.486730496195711,0.364201826881253,9.72654903185509,0.00117489755493953,1174.89755493953,-2.6889479323667,-0.939992724528398,0.71887777099835,-0.806467810341506,-0.747191711831188,0.580070338772125,-0.312711442097166,-0.438657880060986,0.987958780426001,3.07,3.24229290498293,0.00117489755493953
"92","10/27/17","10/27/17 11:39",0.001271863,3.156,217,13.69,6.868,97.48,27.75,8.62,1003.3971,2.91,1797,0.116966866800089,5.41417165668663,0.24514280598084,0.175656666410906,4.01069738736885,0.505114856747606,0.374945628534145,10.4455246720799,0.00123026877081238,1230.26877081238,-2.89555966663443,-0.931937143414203,0.73353202098934,-0.610580847140084,-0.755335363489197,0.603219895102126,-0.296609857564436,-0.426031705444566,1.01893025920061,3.09,3.25454807710897,0.00123026877081238
"93","10/28/17","10/28/17 11:39",0.00130901,3.252,219.6,10.86,6.803,99.48,28.49,8.552,1243.6089,2.91,1821,0.120524794307316,5.47904191616766,0.194466827827021,0.173994219801018,4.09298498251389,0.518584586260876,0.371987820791649,12.9461680199875,0.00123026877081238,1230.26877081238,-2.88305703570422,-0.918923601029555,0.738704622918865,-0.711154470021245,-0.759465179017508,0.612040151187337,-0.285180395783654,-0.429471279068557,1.11214123914722,3.09,3.26030994579492,0.00123026877081238
"94","10/29/17","10/29/17 11:39",0.001284259,3.407,221.4,12.72,7.21,102.5,29.19,8.997,1018.8571,2.94,1806,0.126269364761693,5.52395209580838,0.227773301101262,0.184403693189084,4.21723925118288,0.531326222286942,0.391344062635929,10.6064657505726,0.00114815362149688,1148.15362149688,-2.89134738208668,-0.898702004383708,0.742249903683515,-0.642497183961678,-0.734230385258646,0.625028239981212,-0.274638750035117,-0.407441250790089,1.02557069391798,3.06,3.25671774597749,0.00114815362149688
"95","10/30/17","10/30/17 11:39",0.000762673,3.265,224.5,12.42,6.807,101.8,29.18,8.856,1042.5182,2.94,1823,0.121006596990586,5.60129740518962,0.222401289282836,0.17409652420778,4.18843859288212,0.531144198915141,0.385210961287516,10.8527815948366,0.00114815362149688,1148.15362149688,-3.11766162814724,-0.917190952340493,0.748288632480153,-0.652862699433512,-0.759209899373477,0.622052152590179,-0.274787557465699,-0.414301363398613,1.03554106320432,3.06,3.26078666865498,0.00114815362149688
"96","Out 1 11-15-17 16:31","11/15/17 16:31",0.008586309,3.276,203.3,8.532,6.614,92.19,25.95,8.51,807.8926,3.13,1428,0.121414276184123,5.07235528942116,0.152780016116035,0.169160336581498,3.79304669821024,0.472350649823437,0.37016093953893,8.41029148448886,0.000741310241300918,741.310241300918,-2.06619348639232,-0.915730244863205,0.705209665778849,-0.815933448496682,-0.771701459400391,0.57898818956548,-0.325735482838655,-0.431609411184691,0.924811047868229,2.87,3.15472820744016,0.000741310241300918
"97","Out 2 11-15-17 17:31","11/15/17 17:31",0.009297112,2.494,152.1,5.975,5.942,68.61,19.57,7.401,667.3185,3.23,1272,0.0924319916981692,3.79491017964072,0.106992568716985,0.151973196245428,2.82287595145032,0.356219738614438,0.321922575032623,6.94689256714553,0.000588843655355589,588.843655355589,-2.03165193717174,-1.03417768880906,0.579201501193809,-0.970646385653898,-0.81823300251043,0.45069179391585,-0.44828201936513,-0.492248567059881,0.841790582614582,2.77,3.1044871113124,0.000588843655355589
"98","Out 3 11-15-17 18:31","11/15/17 18:31",0.009912993,2.372,143.7,4.804,5.658,64.99,18.28,7.017,687.6305,3.19,1256,0.0879104588244014,3.58532934131737,0.0860238159190617,0.144709583365303,2.67393540423781,0.332738723652117,0.305219660722053,7.15834374349365,0.000645654229034656,645.654229034656,-2.00379520049599,-1.05595945325936,0.554529055275036,-1.06538129654321,-0.839502706857103,0.42715091155651,-0.477896653625319,-0.515387494740464,0.854812549365256,2.81,3.09898963940118,0.000645654229034656
"99","Out 4 11-15-17 19:31","11/15/17 19:31",0.009916301,2.376,142.7,5.528,5.595,64.36,18.13,7.031,639.0436,3.19,1245,0.0880587058038692,3.56037924151697,0.0989882711075298,0.143098288958797,2.64801481176713,0.330008373075103,0.305828621139626,6.65254632521341,0.000645654229034656,645.654229034656,-2.00365029910318,-1.05522770164243,0.551496260255458,-1.00441626090793,-0.844365559113707,0.422920410016431,-0.481475040927623,-0.514521873333925,0.822987907457099,2.81,3.09516935143176,0.000645654229034656
"100","Out 5 11-15-17 20:31","11/15/17 20:31",0.009725178,2.33,140.1,5.298,5.45,64.38,17.62,6.982,660.5794,3.19,1244,0.0863538655399896,3.49550898203593,0.0948697287134032,0.139389754213663,2.64883768771858,0.320725181113255,0.303697259678121,6.87673745575682,0.000645654229034656,645.654229034656,-2.01210244103461,-1.06371821692557,0.543510422426585,-1.02287234131286,-0.855769147701433,0.423055346939034,-0.493866940947102,-0.517559126791119,0.837382443901041,2.81,3.0948203803548,0.000645654229034656
"101","Out 6 11-15-17 21:31","11/15/17 21:31",0.009661242,2.328,137.6,5.277,5.49,63.32,17.7,7.031,753.8204,3.19,1236,0.0862797420502557,3.43313373253493,0.0944936878861134,0.140412798281286,2.60522526229171,0.322181368087662,0.305828621139626,7.84739121382469,0.000645654229034656,645.654229034656,-2.01496703931182,-1.06409116197373,0.535690721040303,-1.02459720109695,-0.852593305527984,0.415845280779757,-0.491899578661325,-0.514521873333925,0.894725303911664,2.81,3.0920184707528,0.000645654229034656
"102","Out 7 11-15-17 22:31","11/15/17 22:31",0.009789001,2.287,138.9,4.939,5.579,64.31,17.58,7.156,669.9542,3.25,1259,0.0847602105107108,3.46556886227545,0.0884412212373534,0.142689071331748,2.6459576218885,0.319997087626051,0.311265767725098,6.97433062669165,0.000562341325190349,562.341325190349,-2.0092616271269,-1.07180797334484,0.539774532878426,-1.05334526911253,-0.845609288567706,0.422582884172207,-0.494853974285378,-0.506868639373944,0.843502531790199,2.75,3.10002573010786,0.000562341325190349
"103","Out 8 11-15-17 23:31","11/15/17 23:31",0.009789001,2.347,141.8,5.261,5.568,65.45,17.76,7.119,653.4982,3.24,1250,0.0869839152027277,3.53792415169661,0.0942071805891306,0.142407734213151,2.69286155112117,0.323273508318468,0.309656372335798,6.80302102852384,0.000575439937337157,575.439937337157,-2.0092616271269,-1.06056104835299,0.548748517987859,-1.02591599347691,-0.84646642337557,0.430214025476214,-0.490429883580549,-0.509119978332278,0.832701813391517,2.76,3.09691001300806,0.000575439937337157
"104","Out 9 11-16-17 00:31","11/16/17 0:31",0.010152574,2.326,140.9,5.031,5.452,66.54,17.73,7.033,693.0782,3.21,1262,0.0862056185605218,3.51546906187625,0.090088638195004,0.139440906417044,2.73770829047521,0.322727438203065,0.305915615484994,7.21505517384968,0.000616595001861482,616.595001861482,-1.99342383634425,-1.06446442755916,0.545983280250167,-1.04532997794833,-0.85560980281544,0.437387171122243,-0.491164109422214,-0.514398353855873,0.858239656511542,2.79,3.10105935490812,0.000616595001861482
"105","Out 10 11-16-17 1:31","11/16/17 1:31",0.01008638,2.31,143.3,4.985,5.45,64.41,17.83,7.005,638.5984,3.24,1266,0.0856126306426507,3.57534930139721,0.0892649297161787,0.139389754213663,2.65007200164575,0.324547671921075,0.304697694649848,6.64791172184052,0.000575439937337157,575.439937337157,-1.99626467401207,-1.06746215805944,0.553318477538155,-1.0493191326264,-0.855769147701433,0.42325767374535,-0.488721501847777,-0.516130831647486,0.82268524378266,2.76,3.10243370568134,0.000575439937337157
"106","Out 11 11-16-17 2:31","11/16/17 2:31",0.01002007,2.404,145.1,5.337,5.538,67.77,18.23,7.226,701.9765,3.23,1269,0.0890964346601438,3.62025948103792,0.0955680902497986,0.141640451162434,2.78831516148941,0.331828606793112,0.314310569812962,7.30768790339371,0.000588843655355589,588.843655355589,-1.99912924448598,-1.05013967462088,0.558739699578547,-1.01968709247049,-0.84881269856852,0.445341860229464,-0.479086176368155,-0.502641014037276,0.863779991235474,2.77,3.1034616220947,0.000588843655355589
"107","Out 12 11-16-17 3:31","11/16/17 3:31",0.009953642,2.377,142.9,5.188,5.481,66.22,17.91,6.921,690.6591,3.2,1290,0.0880957675487362,3.56536926147705,0.092899991046647,0.140182613366071,2.72454227525201,0.326003858895482,0.301043932144411,7.18987195502811,0.000630957344480193,630.957344480193,-2.00201798346546,-1.05504495622341,0.552104515931781,-1.03198432786203,-0.853305847905875,0.435293551005489,-0.4867772591741,-0.521370122028523,0.856721156068571,2.8,3.11058971029925,0.000630957344480193
"108","Out 1 6-14-17","6/14/17 12:35",0.00682,0.5,279,4.22,8.514,111,16.02,11.37,1477.3051,4.18,1692,0.0185308724334742,6.96107784431138,0.0755662995791924,0.217754929793601,4.56696153054927,0.291601441625105,0.494562853414528,15.3789829273371,6.60693448007596e-05,66.0693448007597,-2.16621562534352,-1.73210413361557,0.842676490414408,-1.1216718443124,-0.662032004136958,0.659627353376096,-0.535210333274913,-0.305778506581544,1.18692761481191,1.82,3.228400358703,6.60693448007596e-05
"109","Out 2 6-14-17","6/14/17 13:35",0.006111,0.5,280.6,1.394,8.57,111.1,15.86,11.29,1155.8999,4.16,1692,0.0185308724334742,7.00099800399202,0.0249619482496195,0.219187191488273,4.57107591030652,0.28868906767629,0.491083079599826,12.0331032687903,6.91830970918936e-05,69.1830970918936,-2.21388771628017,-1.73210413361557,0.845159953833152,-1.60272152151208,-0.659184828054877,0.660018433530307,-0.539569662041546,-0.308845029344311,1.08037764385774,1.84,3.228400358703,6.91830970918936e-05
"110","Out 3 6-14-17","6/14/17 14:35",0.005726,0.5,282.4,2.351,8.495,109.3,15.52,11.22,1108.5639,4.24,1673,0.0185308724334742,7.04590818363273,0.0420986659503984,0.21726898386148,4.49701707467599,0.282500273035058,0.488038277511962,11.54032792005,5.75439937337157e-05,57.5439937337157,-2.24214865631442,-1.73210413361557,0.847936979520577,-1.37573166614913,-0.663002266773011,0.652924536539142,-0.548981128100962,-0.311546114349136,1.06221814953417,1.76,3.22349594096239,5.75439937337157e-05
"111","Out 4 6-14-17","6/14/17 15:35",0.005084,0.5,282,2.911,8.577,111.2,15.85,11.4,1028.591,3.88,1726,0.0185308724334742,7.03592814371258,0.0521264213447936,0.219366224200107,4.57519029006377,0.288507044304489,0.495867768595041,10.707797210077,0.000131825673855641,131.825673855641,-2.29379445811803,-1.73210413361557,0.847321395460172,-1.28294208983526,-0.658830239900424,0.660409161835478,-0.539843578469361,-0.304634119932806,1.02970013769434,2.12,3.23704079137919,0.000131825673855641
"112","Out 5 6-14-17","6/14/17 16:35",0.005937,1.045,282.7,1.689,8.791,112.4,16.56,11.44,1064.2695,4.15,1698,0.038729523385961,7.05339321357285,0.0302444265377384,0.224839509961892,4.62456284715079,0.301430703702355,0.497607655502392,11.0792161149282,7.07945784384137e-05,70.7945784384137,-2.22643295107394,-1.41195784750451,0.84839809563033,-1.51935464570306,-0.648127369923657,0.665070685822481,-0.52081251257427,-0.303112946812274,1.04450903394798,1.85,3.22993768590793,7.07945784384137e-05
"113","Out 6 6-14-17","6/14/17 17:35",0.00489,1.277,283.1,2.739,8.868,111.7,17.3,11.68,1143.8923,3.81,1692,0.047327848195093,7.06337325349301,0.0490464679022294,0.226808869792066,4.59576218885003,0.314900433215625,0.508046976946498,11.9081022277743,0.000154881661891248,154.881661891248,-2.31069114087638,-1.32488324068817,0.849012156505914,-1.30939226302011,-0.644339965535625,0.662357547705048,-0.501826741894336,-0.294096128492898,1.07584255428907,2.19,3.228400358703,0.000154881661891248
"114","Out 7 6-14-17","6/14/17 18:35",0.004812,1.523,276.3,1.697,8.59,109.3,17.16,11.55,1026.6298,3.72,1685,0.0564450374323623,6.8937125748503,0.0303876801862297,0.219698713522085,4.49701707467599,0.312352106010412,0.502392344497608,10.6873808036644,0.000190546071796325,190.546071796325,-2.31767438133219,-1.24837423461554,0.838453172057322,-1.5173024529564,-0.658172486146833,0.652924536539142,-0.505355561510445,-0.298956987041116,1.0288712840778,2.28,3.22659990520736,0.000190546071796325
"115","Out 8 6-14-17","6/14/17 19:35",0.005084,1.846,270.8,2.399,8.719,108.9,17.14,11.51,1160.3906,3.65,1689,0.0684159810243866,6.7564870259481,0.0429581878413466,0.22299803064017,4.48055955564699,0.31198805926681,0.500652457590257,12.0798521757235,0.000223872113856834,223.872113856834,-2.29379445811803,-1.16484244126169,0.829720947153917,-1.36695404730624,-0.651698972314547,0.651332254345214,-0.505862027435952,-0.300463647639487,1.08206161974369,2.35,3.22762964957101,0.000223872113856834
"116","Out 9 6-14-17","6/14/17 20:35",0.006325,1.638,272.1,5.399,8.687,108.5,17.04,11.34,1008.2547,3.61,1718,0.0607071380920614,6.78892215568862,0.0966783060256066,0.222179595386071,4.46410203661798,0.3101678255488,0.493257938234015,10.4960930668332,0.000245470891568503,245.470891568503,-2.19893947015214,-1.21676024052719,0.831800828920568,-1.01467096780283,-0.653295828465089,0.649734112773987,-0.50840325459245,-0.306925916712391,1.02102767285408,2.39,3.23502315949522,0.000245470891568503
"117","Out 10 6-14-17","6/14/17 21:35",0.005549,1.507,264.5,5.334,8.276,105.2,16.38,10.95,1233.3026,3.59,1941,0.0558520495144911,6.59930139720559,0.0955143701316143,0.211667817591243,4.32832750462868,0.298154283009938,0.476294040887342,12.8388777847179,0.000257039578276886,257.039578276886,-2.25578527518583,-1.25296088563695,0.819497963512015,-1.01993128392022,-0.674345167984379,0.636320114407159,-0.525558947598732,-0.322124852093142,1.10852706476057,2.41,3.28802553538836,0.000257039578276886
"118","Out 11 6-14-17","6/14/17 22:35",0.005406,1.392,269.9,3.113,8.257,107.7,16.64,10.91,971.0274,3.58,1734,0.0515899488547921,6.73403193612774,0.0557435759692005,0.211181871659122,4.43118699855997,0.302886890676763,0.474554153979991,10.1085509056839,0.000263026799189538,263.026799189538,-2.26712395863729,-1.28743490267704,0.828275171697327,-1.25380517459156,-0.675343365382164,0.646520077887421,-0.518719523068426,-0.323714220680937,1.00468890249787,2.42,3.23904909314019,0.000263026799189538
"119","Out 12 6-14-17","6/14/17 23:35",0.005325,1.14,270.1,0.5,8.01,108.5,15.01,10.36,1030.1792,3.61,1718,0.0422503891483211,6.73902195608783,0.00895335303071,0.204864574541548,4.46410203661798,0.27321708107321,0.450630709003915,10.7243306266917,0.000245470891568503,245.470891568503,-2.27368038788922,-1.37416928661511,0.828596871328262,-2.04801429093805,-0.688533133893838,0.649734112773987,-0.563492152779861,-0.346179215860065,1.03037019463706,2.39,3.23502315949522,0.000245470891568503
"120","Out","10/23/13 0:00",0.0009856,2.22,196,11.5,5.49,94.5,30.9,9.2,987,2.62,1840,0.0822770736046253,4.89021956087824,0.20592711970633,0.140412798281286,3.88808887060276,0.562452218864902,0.400173988690735,10.2748282323548,0.00239883291901949,2398.83291901949,-3.00629930517965,-1.08472116350095,0.689328358497287,-0.686286454920462,-0.852593305527984,0.589736183098702,-0.249914365598297,-0.397751143923724,1.01177457036669,3.38,3.26481782300954,0.00239883291901949
"121","Out","11/26/13 0:00",0.0010584,2.61,186,12.1,4.7,87.4,28.4,9.65,898,3.07,1700,0.0967311541027352,4.64071856287425,0.216671143343182,0.120207677945728,3.59596790783789,0.516946375914667,0.419747716398434,9.34832396418905,0.000851138038202377,851.138038202377,-2.97535016882056,-1.0144336306133,0.666585231358727,-0.664198924957623,-0.920067792042358,0.555815807223842,-0.286554504976094,-0.377011657925486,0.970733754364361,2.93,3.23044892137827,0.000851138038202377
"122","Out","12/18/13 0:00",0.0013244,3.22,214,13.7,5.32,97.2,31.5,15.9,911,3.32,1610,0.119338818471574,5.33932135728543,0.245321873041454,0.136064860993887,3.99917712404855,0.573373621172959,0.691605045672031,9.48365604830314,0.000478630092322639,478.630092322639,-2.87798082791997,-0.923218266255755,0.727486060490002,-0.610263728117667,-0.866254017683027,0.601970639515714,-0.241562291233531,-0.160141846948827,0.976975794670055,2.68,3.20682587603185,0.000478630092322639
"123","Out","3/19/14 0:00",0.001456,2.38,142,5,4.04,68.5,21.5,9.85,695,3.36,1330,0.088206952783337,3.54291417165669,0.0895335303071,0.103327450829945,2.81835013371734,0.391350249372019,0.428447150935189,7.23506141994587,0.000436515832240166,436.515832240166,-2.83683862502298,-1.05449718089507,0.549360631523867,-1.04801429093805,-0.985784284867471,0.449994946081865,-0.407434385107526,-0.368102740771667,0.85944222228717,2.64,3.12385164096709,0.000436515832240166
"124","Out","9/3/14 0:00",0.001512,1.24,120,4.89,4.29,57.1,17.1,7.25,577,3.26,1230,0.0459565636350159,2.9940119760479,0.0875637926403438,0.10972147625259,2.34931084139066,0.311259965779606,0.315354501957373,6.00666250260254,0.000549540873857625,549.540873857625,-2.82044820883481,-1.33765245278935,0.476253533188436,-1.05767543615045,-0.959708357793351,0.370940482835287,-0.506876734630977,-0.501200964698285,0.778633230852788,2.74,3.0899051114394,0.000549540873857625
"125","Out","9/23/14 0:00",5.6e-05,1.95,209,10.5,5.43,101,31.3,8.33,1060,2.59,1880,0.0722704024905493,5.21457085828343,0.18802041364491,0.138878232179851,4.15552355482411,0.56973315373694,0.36233144845585,11.034769935457,0.00257039578276886,2570.39578276886,-4.2518119729938,-1.14103952658907,0.717218573251865,-0.725794996204135,-0.857365820389229,0.618625748372082,-0.244328507476683,-0.440893969862491,1.04276328296183,3.41,3.27415784926368,0.00257039578276886
"126","Out","11/4/14 0:00",0.000616,1.98,192,9.59,5.36,92.4,30.3,8.44,980,2.9,1780,0.0733822548365577,4.79041916167665,0.171725311129018,0.137087905061511,3.80168689570047,0.551530816556846,0.367116137451066,10.2019571101395,0.00125892541179417,1258.92541179417,-3.21041928783557,-1.13440894769005,0.68037351584436,-0.76516568810341,-0.863000860285306,0.579976345809546,-0.258430216520826,-0.435196524643624,1.00868349338955,3.1,3.25042000230889,0.00125892541179417
"127","Out","12/16/14 0:00",0.002464,1.98,149,6.5,4.44,66.4,21.5,10.4,722,4.5,1370,0.0733822548365577,3.71756487025948,0.11639358939923,0.113557891506177,2.73194815881506,0.391350249372019,0.452370595911266,7.51613574849053,3.16227766016838e-05,31.6227766016838,-2.60835929650761,-1.13440894769005,0.570258555553085,-0.934070938631218,-0.944782679863456,0.436472453957457,-0.407434385107526,-0.344505631970499,0.875994615266696,1.5,3.13672056715641,3.16227766016838e-05
"128","Out","1/21/15 0:00",0.001512,2.17,151,7.7,4.12,69.3,22.1,9.96,769,3.43,1400,0.0804239863612779,3.76746506986028,0.137881636672934,0.105373538965191,2.85126517177535,0.402271651680076,0.433231839930405,8.00541328336456,0.000371535229097172,371.535229097172,-2.82044820883481,-1.09461440410306,0.57604923443398,-0.860493570101592,-0.977268433944941,0.455037609201246,-0.395480571338021,-0.36327963284558,0.903383757498488,2.57,3.14612803567824,0.000371535229097172
"129","Out","3/23/15 0:00",0.002156,1.57,95.7,4.48,3.59,48.8,13.7,6.97,483,3.5,999,0.0581869394411089,2.3877245508982,0.0802220431551616,0.0918182050691834,2.00781732153878,0.249372019367287,0.303175293605916,5.02810743285447,0.000316227766016838,316.227766016838,-2.6663512434853,-1.23517448554235,0.377984224917654,-1.09570628127593,-1.03707120139976,0.30272419659215,-0.603152277866725,-0.51830619317127,0.701404548448569,2.5,2.99956548822598,0.000316227766016838
"130","Out","11/4/15 0:00",0.000616,1.85,187,11.4,5.58,85.3,28.5,9.01,1080,2.87,1840,0.0685642280038544,4.66566866267465,0.204136449100188,0.142714647433438,3.50956593293561,0.518766609632677,0.391909525880818,11.2429731417864,0.00134896288259165,1348.96288259165,-3.21041928783557,-1.16390240954857,0.66891389367731,-0.690079443937601,-0.845531451040497,0.545253405756962,-0.285027985014621,-0.406814180290216,1.05088117318401,3.13,3.26481782300954,0.00134896288259165
"131","Out","12/8/15 0:00",0.000644,1.97,202,15.7,5.05,91.6,29.7,10,1020,3.8,1780,0.0730116373878882,5.03992015968064,0.281135285164294,0.129159313537431,3.76877185764246,0.540609414248789,0.434971726837756,10.6183635227983,0.000158489319246111,158.489319246111,-3.19111413264019,-1.13660791178999,0.702423656587434,-0.55108464286484,-0.888874271859414,0.576199848257289,-0.267116395705919,-0.361538971269279,1.02605758945897,2.2,3.25042000230889,0.000158489319246111
"132","Out","3/8/16 0:00",0.00196,3.23,96.9,4.63,3.96,43.2,13.3,10.4,496,4.2,1020,0.119709435920243,2.41766467065868,0.0829080490643746,0.101281362694698,1.77741205513269,0.242091084495249,0.452370595911266,5.16343951696856,6.30957344480193e-05,63.0957344480193,-2.70774392864352,-0.921871615620483,0.383396064191576,-1.08140330425612,-0.994470464052563,0.249788121404351,-0.616021204056046,-0.344505631970499,0.712939094187254,1.8,3.00860017176192,6.30957344480193e-05
"133","Out","3/29/16 0:00",0.002856,5.25,146,3.7,10.4,58.8,14.9,9.54,712,4.13,1210,0.194574160551479,3.64271457085828,0.066254812427254,0.265991457582035,2.41925529726394,0.271214823983399,0.414963027403219,7.41203414532584,7.41310241300918e-05,74.1310241300918,-2.54424179689586,-0.710914834545629,0.561425142925248,-1.17878257120708,-0.575132310679295,0.383681700665577,-0.566686576610857,-0.381990596565184,0.869937411333913,1.87,3.08278537031645,7.41310241300918e-05
"134","Out","4/6/16 0:00",0.002856,6.53,161,4.82,7.9,68.7,18.7,9.19,857,3.6,1430,0.242013193981173,4.01696606786427,0.0863103232160444,0.202051203355585,2.82657889323185,0.340383705267756,0.399739016963897,8.92150739121382,0.000251188643150958,251.188643150958,-2.54424179689586,-0.616160956676512,0.60389816317266,-1.06393725703522,-0.694538558687634,0.451261111648989,-0.468031238486632,-0.398223459883168,0.950438239620255,2.4,3.15533603746506,0.000251188643150958
"135","Out","6/2/16 0:00",0.002464,5.06,202,5.66,7.08,82.4,19.6,10,984,4.5,560,0.187532429026759,5.03992015968064,0.101351956307637,0.181078799969309,3.39024891997531,0.356765808729841,0.434971726837756,10.2435977514054,3.16227766016838e-05,31.6227766016838,-2.60835929650761,-0.726923621111786,0.702423656587434,-0.994167864085802,-0.742132392288307,0.530231586286555,-0.447616773666655,-0.361538971269279,1.0104525161284,1.5,2.7481880270062,3.16227766016838e-05
"136","Out","6/29/16 0:00",0.001148,6.99,207,8.35,5.38,88.2,25.6,9.86,1140,2.94,1870,0.259061596619969,5.16467065868263,0.149520995612857,0.137599427095322,3.62888294589591,0.465979831810404,0.428882122662027,11.8675827607745,0.00114815362149688,1148.15362149688,-2.94005811193805,-0.586596962205904,0.713042632597728,-0.825297819790471,-0.861383374311686,0.559772959721259,-0.331632879711282,-0.367662056328068,1.07436226903353,3.06,3.2718416065365,0.00114815362149688
"137","Out","8/25/16 0:00",7e-04,5.43,222,10.8,5.94,98.1,30.1,8.4,1200,2.77,2050,0.201245274627529,5.53892215568862,0.193392425463336,0.151922044042047,4.03620654186381,0.547890349120827,0.365376250543715,12.4921923797626,0.00169824365246174,1698.24365246174,-3.15490195998574,-0.696274308362739,0.743425261591449,-0.713560539787124,-0.818379204996882,0.605973381969388,-0.261306349429288,-0.437259685207397,1.09663866374468,3.23,3.31175386105575,0.00169824365246174
"138","Out","10/5/16 0:00",0.000812,3.66,200,11.7,5.51,NA,26.5,10,1060,2.68,1800,0.135645986213031,4.99001996007984,0.209508460918614,0.140924320315098,NA,0.482361935272489,0.434971726837756,11.034769935457,0.00208929613085404,2089.29613085404,-3.09044397075882,-0.867593052557175,0.698102282804792,-0.678798433527912,-0.851014051126291,NA,-0.316626971086324,-0.361538971269279,1.04276328296183,3.32,3.25527250510331,0.00208929613085404
"139","Out","11/14/16 0:00",0.000812,3.13,195,13.4,5.55,87.8,27.4,10.6,936,4,1740,0.116003261433548,4.86526946107784,0.239949861223028,0.141947364382721,3.6124254268669,0.498744038734573,0.461070030448021,9.74391005621487,1e-04,100,-3.09044397075882,-0.935529800405137,0.687106898503329,-0.619879496909266,-0.847872666855399,0.557798890495542,-0.302122282202743,-0.336233106004509,0.988733266435162,2,3.2405492482826,1e-04
"140","Out","1/26/17 0:00",0.002212,2.39,115,5.12,4.12,47.5,14.2,11.3,598,4.5,1100,0.0885775702320065,2.86926147704591,0.0916823350344704,0.105373538965191,1.95433038469451,0.258473187957334,0.491518051326664,6.22527586924839,3.16227766016838e-05,31.6227766016838,-2.65521487736734,-1.05267623700345,0.457770127494422,-1.03771433429824,-0.977268433944941,0.290997984214306,-0.587584500640075,-0.308460527785859,0.794158601685467,1.5,3.04139268515822,3.16227766016838e-05
"141","Out","1/26/17 0:00",0.02212,2.37,115,5.11,4.08,48.9,14.3,11.5,605,4.5,1090,0.0878363353346676,2.86926147704591,0.0915032679738562,0.104350494897568,2.01193170129603,0.260293421675343,0.500217485863419,6.29814699146367,3.16227766016838e-05,31.6227766016838,-1.65521487736734,-1.05632579194148,0.457770127494422,-1.03856339513936,-0.981505486888196,0.303613233713059,-0.584536807558069,-0.300841130915667,0.799212792349525,1.5,3.03742649794062,3.16227766016838e-05
"142","Out","2/27/17 0:00",0.001512,2.93,178,7.51,5.26,70.8,19.2,14.8,742,5,1390,0.108590912460159,4.44111776447106,0.134479362521264,0.134530294892452,2.91298086813413,0.349484873857803,0.643758155719878,7.7243389548199,1e-05,10,-2.82044820883481,-0.964206517597476,0.647492289449705,-0.871344358269905,-0.871179905824337,0.464337632279208,-0.456571616319582,-0.191277255874322,0.887861322976084,1,3.14301480025409,1e-05
"143","Out","4/18/17 0:00",0.0009184,1.29,198,4.13,4.52,78.4,10,9.25,845,5,1450,0.0478096508783634,4.94011976047904,0.0739546960336646,0.115603979641423,3.22567372968525,0.182023371800939,0.402348847324924,8.7965854674162,1e-05,10,-3.0369681249461,-1.32048442765234,0.693737477402342,-1.13103424361767,-0.937027215166694,0.508620437273878,-0.739872845023131,-0.395397238530246,0.944314126646749,1,3.16136800223497,1e-05
"144","Out","11/15/17 0:00",0.001695865,2.25,126,4.95,4.65,53.6,15.4,10.2,576,3.91,1110,0.0833889259506338,3.1437125748503,0.088638195004029,0.118928872861199,2.20530754988685,0.280315992573446,0.443671161374511,5.99625234228607,0.000123026877081238,123.026877081238,-2.77060872288627,-1.07889161984022,0.497442832258374,-1.0523790963405,-0.924712697088122,0.343469164282209,-0.552352124186668,-0.352938799507361,0.777879901120269,2.09,3.04532297878666,0.000123026877081238
"145","Out","12/13/17 0:00",0.001176,2.61,198,7.82,5.05,82.7,18.1,10,914,5.01,1500,0.0967311541027352,4.94011976047904,0.140030441400304,0.129159313537431,3.40259205924707,0.3294623029597,0.434971726837756,9.51488652925255,9.77237220955811e-06,9.77237220955811,-2.92959267825988,-1.0144336306133,0.693737477402342,-0.853777542214225,-0.888874271859414,0.531809884141986,-0.482194270153947,-0.361538971269279,0.978403613430888,0.99,3.17609125905568,9.77237220955811e-06
"146","Out","5/30/18 0:00",0.005964548,2.15,173,1.22,3.74,68,12.4,9.12,748,4.81,1310,0.0796827514639389,4.31636726546906,0.0218461813949324,0.0956546203227704,2.79777823493108,0.225708981033165,0.396694214876033,7.78679991671872,1.54881661891248e-05,15.4881661891248,-2.22442246205962,-1.09863567803598,0.635118390269606,-1.66062446459933,-1.0192940477776,0.446813287295675,-0.646451159860896,-0.401544132940863,0.891359015561518,1.19,3.11727129565576,1.54881661891248e-05
"147","Out","8/23/18 0:00",0.001066855,2.64,173,7.03,4.58,73.6,19.6,10.7,848,3.61,1480,0.0978430064487436,4.31636726546906,0.125884143611783,0.117138545742858,3.02818350133717,0.356765808729841,0.465419747716398,8.8278159483656,0.000245470891568503,245.470891568503,-2.97189460304892,-1.00947021108175,0.635118390269606,-0.90002897025425,-0.931300171974206,0.481182188926938,-0.447616773666655,-0.332155193584069,0.94585326995377,2.39,3.17026171539496,0.000245470891568503
