"","sample_name","Site","date","Depth_cm","Al_mgL","Ca_mgL","Fe_mgL","K_mgL","Mg_mgL","Mn_mgL","Na_mgL","Al_mmolL","Ca_mmolL","Fe_mmolL","K_mmolL","Mg_mmolL","Mn_mmolL","Na_mmolL","SO42_mgL","Cl_mgL","SO42_mmolL","Cl_mmolL"
"1","BDP","below dam pool","10/20/17",0,0.5,260.2,99.29,7.598,128.6,34.21,9.665,0.0185308724334742,6.49201596806387,1.77795684483839,0.194327220645029,5.29109236782555,0.622701954931013,0.420400173988691,1179.5805,5.0859,12.2796221111805,0.143454714692692
"2","BDP","below dam pool","10/6/17",0,0.5,259.1,89.35,7.23,125.9,29.75,8.44,0.0185308724334742,6.46457085828343,1.59996418658788,0.184915215222896,5.18000411437976,0.541519531107794,0.367116137451066,1070.5129,NA,11.144210909848,NA
"3","BDP","below dam pool","11/3/17",0,0.5,127.2,36.14,6.837,66.28,16.58,7.016,0.0185308724334742,3.17365269461078,0.647148357059719,0.174863807258498,2.72701090310636,0.301794750445957,0.305176163549369,476.0994,NA,4.95627108057464,NA
"4","BDP","below dam pool","4/1/17",0,0.5,48.44,4.152,3.88,21.53,3.003,6.41,0.0185308724334742,1.20858283433134,0.0743486435670159,0.0992352745594516,0.885825961736268,0.0546616185518221,0.278816876903001,262.0362,7.2679,2.7278388507183,0.20500098722252
"5","BDP","below dam pool","4/13/17",0,0.5,71.95,16.48,4.589,39.88,7.996,7.71,0.0185308724334742,1.79515968063872,0.295102515892202,0.117368730658073,1.64081464719194,0.145545888092031,0.33536320139191,337.7855,13.6881,3.5164012075786,0.386091445011706
"6","BDP","below dam pool","4/19/17",0,1.187,129.1,42.49,6.387,61.52,18.63,10.44,0.0439922911570677,3.22105788423154,0.760855940549736,0.163354561497737,2.53116642666118,0.33910954166515,0.454110482818617,686.5616,12.7083,7.14721632313138,0.35845485572448
"7","BDP","below dam pool","4/26/17",0,0.5,144.2,42.99,5.776,70.19,16.43,8.57,0.0185308724334742,3.59780439121756,0.769809293580446,0.147727563364792,2.88788315161489,0.299064399868943,0.372770769899957,593.5025,12.2536,6.17845617322507,0.345629424872366
"8","BDP","below dam pool","4/26/17",0,0.5,144.2,42.99,5.776,70.19,16.43,8.57,0.0185308724334742,3.59780439121756,0.769809293580446,0.147727563364792,2.88788315161489,0.299064399868943,0.372770769899957,593.5025,12.2536,6.17845617322507,0.345629424872366
"9","BDP","below dam pool","4/5/17",0,0.5,48.64,5.033,3.915,21.56,3.22,10.53,0.0185308724334742,1.21357285429142,0.0901244516071269,0.100130438118622,0.887060275663444,0.0586115257199024,0.458025228360157,NA,11.0109,NA,0.310577384142386
"10","BDP","below dam pool","5/19/17",0,0.5,48.52,8.336,4.013,23.76,4.42,6.86,0.0185308724334742,1.21057884231537,0.149270301727997,0.102636896084299,0.977576630322979,0.0804543303360151,0.2983906046107,206.9195,9.7246,2.15406516760358,0.274295546216117
"11","BDP","below dam pool","5/26/17",0,0.5,44.36,25.97,4.634,46.27,10.78,7.703,0.0185308724334742,1.10678642714571,0.465037156415077,0.118519655234149,1.90372351368031,0.196221194801412,0.335058721183123,399.2862,13.0863,4.15663335415365,0.369116858940005
"12","BDP","below dam pool","6/1/17",0,0.5,144.9,44.78,5.345,66.54,18,8.143,0.0185308724334742,3.61526946107784,0.801862297430388,0.136704263536152,2.73770829047521,0.327642069241691,0.354197477163984,672.4162,6.3512,6.9999604413908,0.179144219106987
"13","BDP","below dam pool","6/13/17",0,0.5,181,59.56,7.486,89.19,22.91,10.76,0.0185308724334742,4.51596806387226,1.06652341301818,0.191462697255684,3.6696153054927,0.417015544795952,0.468029578077425,743.1412,NA,7.73621902977306,NA
"14","BDP","below dam pool","6/20/17",0,0.5,184.9,62.18,7.42,90.8,23.57,10.54,0.0185308724334742,4.61327345309381,1.1134389828991,0.189774674544106,3.73585681958445,0.429029087334814,0.458460200086994,1175.4688,NA,12.2368186550073,NA
"15","BDP","below dam pool","6/9/17",0,0.5,141,41.75,5.283,66.36,16.8,7.888,0.0185308724334742,3.51796407185629,0.747604978064285,0.135118545231336,2.73030240691216,0.305799264625578,0.343105698129622,520.8978,NA,5.42262960649594,NA
"16","BDP","below dam pool","7/13/17",0,0.5,73.21,15.96,5.028,36.93,8.324,6.483,0.0185308724334742,1.82659680638723,0.285791028740263,0.128596639300238,1.51944044435301,0.151516254687102,0.281992170508917,515.6446,NA,5.36794295232147,NA
"17","BDP","below dam pool","7/3/17",0,0.5,153.1,47.83,6.995,72.28,19.6,9.073,0.0185308724334742,3.81986027944112,0.856477750917719,0.178904831325609,2.97387368854145,0.356765808729841,0.394649847759896,715.5188,NA,7.44866541744743,NA
"18","BDP","below dam pool","7/7/17",0,1.359,169,51.81,7.593,82.84,22.99,9.915,0.0503669112741828,4.21656686626747,0.92774644104217,0.194199340136576,3.40835219090722,0.418471731770359,0.431274467159635,933.068,NA,9.71338746616698,NA
"19","BDP","below dam pool","8/25/17",0,1.718,196.1,58.33,5.803,94.95,23.93,7.702,0.0636720776814172,4.89271457085828,1.04449816456263,0.148418118110438,3.90660357951039,0.435581928719648,0.335015224010439,888.0937,4.885,9.24519779304601,0.137788057428144
"20","BDP","below dam pool","9/29/17",0,3.238,234.9,70.54,7.815,116.9,29.39,8.508,0.120005929879179,5.86077844311377,1.26313904557257,0.199877234711885,4.80970993622711,0.53496668972296,0.370073945193562,1192.8264,4.6468,12.4175140537164,0.131069303020901
"21","BDP","below dam pool","9/5/17",0,1.278,183.2,46.92,10.84,86.62,20.9,14.17,0.04736490993996,4.57085828343313,0.840182648401827,0.277244942325891,3.56387574573133,0.380428847063963,0.6163549369291,811.7092,4.9125,8.4500229023527,0.138563732265253
"22","DP","dam pool","10/20/17",0,0.5,96.61,19.45,6.223,49.83,15.44,7.008,0.0185308724334742,2.41042914171657,0.348285432894619,0.159160080820481,2.05019543303847,0.28104408606065,0.304828186167899,403.4068,6.8122,4.19952946075369,0.192147350012693
"23","DP","dam pool","10/6/17",0,0.5,195.6,84.74,7.978,98.48,25.9,8.224,0.0185308724334742,4.88023952095808,1.51741427164473,0.20404613928745,4.05184118494137,0.471440532964433,0.35772074815137,740.064,NA,7.70418488444722,NA
"24","DP","dam pool","11/3/17",0,0.5,63.65,2.968,6.537,33.99,7.415,5.544,0.0185308724334742,1.58807385229541,0.0531471035902946,0.167190976751324,1.39847767948982,0.134970330190396,0.241148325358852,244.2091,NA,2.54225588174058,NA
"25","DP","dam pool","4/1/17",0,0.5,61.73,15.02,3.826,30,7.329,6.28,0.0185308724334742,1.54016966067864,0.268958725042528,0.0978541650681603,1.23431392717548,0.133404929192908,0.273162244454111,420.3112,5.5185,4.37550697480741,0.155656785039348
"26","DP","dam pool","4/13/17",0,0.5,44.46,0.5,3.852,19.96,2.562,7.474,0.0185308724334742,1.10928143712575,0.00895335303071,0.0985191437121154,0.821230199547418,0.0466343878554006,0.325097868638539,164.3991,14.6857,1.7114209868832,0.414230107466223
"27","DP","dam pool","4/19/17",0,0.5,48.21,2.528,4.046,28.44,6.012,8.002,0.0185308724334742,1.20284431137725,0.0452681529232698,0.103480907440088,1.17012960296235,0.109432451126725,0.348064375815572,317.7141,11.1056,3.30745471580262,0.313248526217809
"28","DP","dam pool","4/26/17",0,0.5,215.2,79.23,8.338,110.2,24.03,10.04,0.0185308724334742,5.36926147704591,1.41874832124631,0.213253535896059,4.53404649249126,0.437402162437657,0.436711613745107,548.3436,7.9764,5.70834478450968,0.224985191662201
"29","DP","dam pool","4/5/17",0,0.5,36.61,0.5,3.669,15.95,1.964,10.56,0.0185308724334742,0.913423153692615,0.00895335303071,0.0938387171027392,0.656243571281629,0.0357493902217045,0.45933014354067,NA,11.2416,NA,0.317084590866781
"30","DP","dam pool","5/19/17",0,0.5,27.92,0.5,3.769,12.13,1.124,7.475,0.0185308724334742,0.696606786427146,0.00895335303071,0.0963963272717972,0.499074264554618,0.0204594269904256,0.325141365811222,35.332,10.7939,0.367811784301478,0.304456604518659
"31","DP","dam pool","5/26/17",0,0.5,36.42,0.5,3.661,16.53,2.209,7.006,0.0185308724334742,0.908682634730539,0.00895335303071,0.0936341082892146,0.680106973873689,0.0402089628308275,0.304741191822532,110.5703,11.702,1.15105454924006,0.33007079795786
"32","DP","dam pool","6/1/17",0,0.5,52.62,17.64,4.117,27.11,7.372,6.915,0.0185308724334742,1.31287425149701,0.315874294923449,0.105296810660119,1.11540835219091,0.134187629691652,0.300782949108308,227.8977,7.8914,2.37245159275453,0.222587651256593
"33","DP","dam pool","6/13/17",0,0.5,58.28,23.11,6.179,30.58,9.154,9.059,0.0185308724334742,1.45409181636727,0.413823977079416,0.158034732346096,1.25817732976754,0.16662419454658,0.394040887342323,197.9919,NA,2.06112742036227,NA
"34","DP","dam pool","6/20/17",0,0.5,50.78,9.276,5.329,26.15,7.036,7.747,0.0185308724334742,1.26696606786427,0.166102605425732,0.136295045909103,1.07591030652129,0.128071644399141,0.336972596781209,210.1061,NA,2.18723818446804,NA
"35","DP","dam pool","6/9/17",0,0.5,48.26,10.68,3.836,23.24,6.886,7.045,0.0185308724334742,1.20409181636727,0.191243620735966,0.0981099260850661,0.95618185558527,0.125341293822127,0.306437581557199,165.2637,NA,1.72042161149282,NA
"36","DP","dam pool","7/13/17",0,0.5,36.81,2.183,4.148,17.69,3.66,5.611,0.0185308724334742,0.918413173652695,0.0390903393320799,0.106089669812527,0.727833779057807,0.0666205540791438,0.244062635928665,128.6522,NA,1.33929002706642,NA
"37","DP","dam pool","7/3/17",0,0.5,59.16,14.02,5.212,31.41,8.195,7.113,0.0185308724334742,1.47604790419162,0.251052018981108,0.133302642011305,1.29232668175273,0.14916815319087,0.309395389299696,136.479,NA,1.42076826983136,NA
"38","DP","dam pool","7/7/17",0,0.5,49.02,6.776,5.974,25.25,8.081,7.486,0.0185308724334742,1.22305389221557,0.121335840272182,0.152791631499527,1.03888088870603,0.147093086752339,0.325619834710744,355.0046,NA,3.69565479908391,NA
"39","DP","dam pool","8/25/17",0,0.5,125.7,46.81,6.452,60.77,15.73,6.791,0.0185308724334742,3.13622754491018,0.83821291073507,0.165017008107624,2.50030857848179,0.286322763842877,0.29538929969552,525.4198,5.3037,5.46970435144701,0.149598059402589
"40","DP","dam pool","9/29/17",0,0.5,191.8,77.83,7.469,100.5,26.28,8.256,0.0185308724334742,4.78542914171657,1.39367893276032,0.191027903526944,4.13495165603785,0.478357421092868,0.359112657677251,997.5565,5.7025,10.3847230897356,0.160846754858545
"41","DP","dam pool","9/5/17",0,0.5,75.14,6.091,8.419,37.02,7.534,10.99,0.0185308724334742,1.874750499002,0.109069746620109,0.215325200132996,1.52314338613454,0.137136408314828,0.478033927794693,279.4969,6.2874,2.90960753695607,0.177344653484895
"42","P1","below dam pool","10/20/17",100,0.5,288.4,110.2,6.798,138.7,38.89,10.3,0.0185308724334742,7.19560878243513,1.97331900796848,0.173866339292565,5.70664472330796,0.707888892933853,0.448020878642888,1319.47,4.8958,13.7358942327712,0.138092686091445
"43","P1","below dam pool","10/6/17",100,0.5,310.2,110.7,6.319,150.6,36.18,9.138,0.0185308724334742,7.73952095808383,1.98227236099919,0.161615386582777,6.1962559144209,0.658560559175798,0.397477163984341,1298.4106,NA,13.5166625026025,NA
"44","P1","below dam pool","11/3/17",100,0.5,294.4,17.47,7.794,145.4,41.48,10.55,0.0185308724334742,7.34530938123752,0.312830154893007,0.199340136576383,5.98230816704382,0.755032946230296,0.458895171813832,1279.3352,NA,13.3180845305018,NA
"45","P1","below dam pool","4/1/17",100,0.5,298.8,81.93,7.64,135.1,33.98,14.57,0.0185308724334742,7.45508982035928,1.46709642761214,0.195401416916034,5.5585270520469,0.618515417379591,0.63375380600261,1577.84,4.5308,16.4255673537372,0.12779736552619
"46","P1","below dam pool","4/13/17",100,0.5,278.7,81.5,14.35,135.1,41.17,12.42,0.0185308724334742,6.95359281437126,1.45939654400573,0.367017059259828,5.5585270520469,0.749390221704467,0.540234884732492,1499.3094,16.1938,15.6080512179888,0.456768115533241
"47","P1","below dam pool","4/19/17",100,0.5,265.3,89.3,11.7,130.6,39.84,12.07,0.0185308724334742,6.61926147704591,1.59906885128481,0.29924038977979,5.37337996297058,0.725181113254942,0.525010874293171,1998.2187,12.6038,20.801777014366,0.355507291343469
"48","P1","below dam pool","4/26/17",100,0.5,276.9,91.29,9.742,130.1,38.01,14.66,0.0185308724334742,6.90868263473054,1.63470319634703,0.249162382669634,5.35280806418432,0.69187083621537,0.63766855154415,1178.4049,15.4135,12.2673839267125,0.434758694609765
"49","P1","below dam pool","4/5/17",100,0.5,302.8,62.87,13.11,141.9,35.57,13.01,0.0185308724334742,7.55489021956088,1.12579461008148,0.335302693163508,5.83830487554001,0.647457133495941,0.56589821661592,1878.8494,8.9067,19.5591234645014,0.251225566242631
"50","P1","below dam pool","5/19/17",100,0.5,273,6.76,26.35,127.1,32.24,10.36,0.0185308724334742,6.81137724550898,0.121049332975199,0.673930279546792,5.22937667146678,0.586843350686228,0.450630709003915,1341.6784,19.9765,13.9670872371435,0.563464304854314
"51","P1","below dam pool","5/26/17",100,0.5,259.9,98.51,6.819,124.2,34.39,9.946,0.0185308724334742,6.48453093812375,1.76398961411048,0.174403437428067,5.11005965850648,0.62597837562343,0.432622879512832,2995.5623,7.6926,31.1842837809702,0.216980227343243
"52","P1","below dam pool","6/1/17",100,0.5,278.3,10.55,21.15,127.5,36.08,11.19,0.0185308724334742,6.9436127744511,0.188915748947981,0.540934550755774,5.24583419049578,0.656740325457789,0.486733362331448,1237.9334,18.1245,12.8870851551114,0.511226130369785
"53","P1","below dam pool","6/13/17",100,0.5,270.1,63.01,11.23,129.6,34.81,12.55,0.0185308724334742,6.73902195608783,1.12830154893007,0.287219621985217,5.33223616539807,0.633623357239069,0.545889517181383,1084.8901,NA,11.2938798667499,NA
"54","P1","below dam pool","6/20/17",100,0.5,276,110.6,8.162,133.6,33.96,12.47,0.0185308724334742,6.88622754491018,1.98048169039305,0.208752141998517,5.49681135568813,0.61815137063599,0.542409743366681,1244.4511,NA,12.954935457006,NA
"55","P1","below dam pool","6/9/17",100,0.5,280.5,77.64,9.832,131.3,36.96,10.49,0.0185308724334742,6.99850299401198,1.39027665860865,0.251464231821786,5.40218062127134,0.672758382176271,0.456285341452806,1088.5706,NA,11.3321944617947,NA
"56","P1","below dam pool","7/13/17",100,0.5,252.5,101.6,7.623,125.6,31.57,11.25,0.0185308724334742,6.2999001996008,1.81932133584027,0.194966623187294,5.167660975108,0.574647784775565,0.489343192692475,1273.8704,NA,13.2611950864043,NA
"57","P1","below dam pool","7/3/17",100,0.5,276.5,106.8,8.257,128.2,37.33,12.1,0.0185308724334742,6.89870259481038,1.91243620735966,0.211181871659122,5.27463484879654,0.679493246932906,0.526315789473684,1511.5912,NA,15.7359067249636,NA
"58","P1","below dam pool","7/7/17",100,0.5,239.3,7.15,12.28,116.4,33.24,13.56,0.0185308724334742,5.97055888223553,0.128032948339153,0.314074528760326,4.78913803744086,0.605045687866322,0.589821661591997,1107.6604,NA,11.530922340204,NA
"59","P1","below dam pool","8/25/17",100,0.5,279.3,67.42,6.46,130.4,34.91,9.522,0.0185308724334742,6.9685628742515,1.20727012266094,0.165221616921149,5.36515120345608,0.635443590957079,0.414180078294911,1233.6663,5.3495,12.842663960025,0.150889910585846
"60","P1","below dam pool","9/29/17",100,0.5,272.5,81.93,7.273,136.9,40.59,10.74,0.0185308724334742,6.79890219560878,1.46709642761214,0.186014987595591,5.63258588767743,0.738832866140012,0.467159634623749,1372.6393,9.3589,14.2893951696856,0.263980481200463
"61","P1","below dam pool","9/5/17",100,0.5,283.4,114.3,11.5,134.1,34.62,17.44,0.0185308724334742,7.07085828343313,2.04673650282031,0.294125169441674,5.51738325447439,0.630164913174852,0.758590691605046,1223.9414,4.6642,12.7414261919634,0.131560093645108
"62","P10","stream bank","10/20/17",60,0.5,105.1,397.9,14.49,54.72,22.53,8.866,0.0185308724334742,2.62225548902196,7.12507834183902,0.370597713496509,2.25138860316807,0.410098656667516,0.385645933014354,1085.902,8.1052,11.3044139079742,0.228618170535639
"63","P10","stream bank","10/6/17",60,0.5,110.2,411.7,13.37,57.55,19.93,7.646,0.0185308724334742,2.74950099800399,7.37219088548661,0.341952479603059,2.36782555029829,0.362772579999272,0.332579382340148,1041.1044,NA,10.8380637101811,NA
"64","P10","stream bank","11/3/17",60,0.5,107.2,391.2,12.34,56.95,23.04,8.009,0.0185308724334742,2.67465069860279,7.0051034112275,0.315609094861761,2.34313927175478,0.419381848629364,0.348368856024358,1180.918,NA,12.2935457006038,NA
"65","P10","stream bank","4/13/17",60,0.5,96.96,243.6,10.47,46.46,26.4,8.96,0.0185308724334742,2.41916167664671,4.36207359656191,0.267781784700376,1.91154083521909,0.48054170155448,0.389734667246629,876.6486,10.6717,9.12605246720799,0.301009787606126
"66","P10","stream bank","4/19/17",60,0.5,96.13,286.5,10.58,49.22,23.17,8.54,0.0185308724334742,2.39845309381238,5.13027128659683,0.27059515588634,2.02509771651923,0.421748152462776,0.371465854719443,903.1951,9.441,9.40240578804914,0.266296223168702
"67","P10","stream bank","4/26/17",60,0.5,85.66,243.9,10.36,44.71,19.49,7.868,0.0185308724334742,2.1372255489022,4.36744560838034,0.264968413514412,1.83953918946719,0.354763551640031,0.342235754675946,794.8783,9.3264,8.27481053508224,0.263063774574789
"68","P10","stream bank","4/5/17",60,0.5,96.96,243.6,7.394,36.04,19.27,10.57,0.0185308724334742,2.41916167664671,4.36207359656191,0.189109695900151,1.48282246451347,0.35075903746041,0.459765115267508,279.9191,8.8159,2.91400270664168,0.248664428962288
"69","P10","stream bank","5/19/17",60,0.5,87.54,141.1,10.72,43.67,18.35,7.65,0.0185308724334742,2.18413173652695,2.52663622526636,0.274175810123021,1.79674963999177,0.334012887254724,0.332753371030883,741.7174,7.7274,7.72139704351447,0.217961808591657
"70","P10","stream bank","5/26/17",60,0.5,80.97,302.1,13.42,45.67,18.87,7.733,0.0185308724334742,2.02020958083832,5.40961590115498,0.343231284687588,1.8790372351368,0.343478102588372,0.336363636363636,964.9679,12.5156,10.0454705392463,0.35301949059318
"71","P10","stream bank","6/1/17",60,0.5,85.86,320.3,14.1,47.27,19.53,8.171,0.0185308724334742,2.14221556886228,5.73551795147283,0.360623033837183,1.94486731125283,0.355491645127234,0.35541539799913,885.686,8.2706,9.22013325005205,0.233283502101374
"72","P10","stream bank","6/13/17",60,0.5,82.54,304.8,16.83,45.3,18.43,10.14,0.0185308724334742,2.05938123752495,5.45796400752082,0.430445791452467,1.86381403003497,0.335469074229131,0.441061331013484,776.6589,NA,8.08514366021237,NA
"73","P10","stream bank","6/20/17",60,0.5,80.53,293,16.96,44.76,17.72,9.827,0.0185308724334742,2.00923153692615,5.24666487599606,0.433770684672242,1.84159637934581,0.322545414831264,0.427446715963462,882.9591,NA,9.19174578388507,NA
"74","P10","stream bank","6/9/17",60,0.5,86.24,310.1,14.38,48.24,19.69,8.412,0.0185308724334742,2.15169660678643,5.55286954964634,0.367784342310545,1.98477679489817,0.358404019076049,0.36589821661592,855.5705,NA,8.90662606704143,NA
"75","P10","stream bank","7/13/17",60,0.5,79.81,301.4,17.3,44.55,17.32,9.317,0.0185308724334742,1.99126746506986,5.39708120691199,0.44246655924704,1.83295618185559,0.315264479959227,0.405263157894737,1200.7833,NA,12.5003466583385,NA
"76","P10","stream bank","7/3/17",60,0.5,85.15,320.6,17.06,45.27,18.36,9.332,0.0185308724334742,2.12450099800399,5.74088996329125,0.4363282948413,1.8625797161078,0.334194910626524,0.405915615484994,752.6286,NA,7.83498438475953,NA
"77","P10","stream bank","7/7/17",60,0.5,73.72,282.6,17.52,41.39,16.01,8.89,0.0185308724334742,1.83932135728543,5.06043513295729,0.448093301618967,1.70294178152643,0.291419418253304,0.386689865158765,768.759,NA,8.0029044347283,NA
"78","P10","stream bank","8/25/17",60,0.5,82.21,245.2,13.93,46.56,19.05,7.426,0.0185308724334742,2.05114770459082,4.39072432626018,0.356275096549784,1.91565521497634,0.346754523280789,0.323010004349717,774.9239,7.852,8.06708203206329,0.2214763207627
"79","P10","stream bank","9/29/17",60,0.5,92.91,300.3,14.7,50.34,21.5,8.063,0.0185308724334742,2.31811377245509,5.37738383024443,0.375968694851531,2.07117876980045,0.391350249372019,0.350717703349282,1031.0562,8.6772,10.7334603372892,0.244752207147491
"80","P10","stream bank","9/5/17",60,0.5,97.19,367.3,25.85,47.52,18.57,14.49,0.0185308724334742,2.4249001996008,6.57713313635957,0.661142228701501,1.95515326064596,0.338017401434344,0.630274032187908,921.373,5.5893,9.59164064126588,0.15765379516543
"81","P12","stream bank","7/7/17",15,0.5,47.56,51.65,9.343,25.09,15.18,7.914,0.0185308724334742,1.18662674650699,0.924881368072343,0.238957518095092,1.03229788109442,0.276311478393826,0.3442366246194,NA,NA,NA,NA
"82","P2","below dam pool","10/20/17",60,0.5,287.7,39.11,6.833,139.1,37.24,10.11,0.0185308724334742,7.17814371257485,0.700331274062136,0.174761502851735,5.72310224233697,0.677855036586698,0.439756415832971,1295.0003,4.7575,13.4811607328753,0.134191746819733
"83","P2","below dam pool","10/6/17",60,0.5,309.7,20.28,6.454,150.1,35.52,9.274,0.0185308724334742,7.72704590818363,0.363147998925598,0.165068160311005,6.17568401563464,0.646547016636936,0.403392779469334,1289.9298,NA,13.4283760149906,NA
"84","P2","below dam pool","11/3/17",60,0.5,298.4,22.76,7.041,146.1,44.55,9.596,0.0185308724334742,7.44510978043912,0.407556629957919,0.180081332003376,6.01110882534458,0.810914121373184,0.41739886907351,1291.1143,NA,13.4407068498855,NA
"85","P2","below dam pool","4/1/17",60,0.5,359.8,112.1,7.26,167.2,35.57,14.36,0.0185308724334742,8.97704590818363,2.00734174948518,0.185682498273613,6.87924295412467,0.647457133495941,0.624619399739017,1306.36,1.6077,13.5994170310223,0.0453473612952359
"86","P2","below dam pool","4/13/17",60,0.5,283.5,39.53,9.621,138.3,39.22,12.5,0.0185308724334742,7.07335329341317,0.707852090607933,0.246067674365073,5.69018720427896,0.713895664203284,0.543714658547194,1332.3449,7.9603,13.8699240058297,0.224531069303021
"87","P2","below dam pool","4/19/17",60,0.5,260.8,67.11,8.59,128.5,38.38,11.92,0.0185308724334742,6.50698602794411,1.2017190437819,0.219698713522085,5.2869779880683,0.698605700972005,0.518486298390605,1285.0991,9.2174,13.3780876535499,0.259989281584069
"88","P2","below dam pool","4/26/17",60,0.5,274,15.85,20.66,129,37.81,14.98,0.0185308724334742,6.83632734530938,0.283821291073507,0.52840226092739,5.30754988685456,0.688230368779351,0.651587646802958,1158.7713,8.1802,12.062995003123,0.230733647364116
"89","P2","below dam pool","4/5/17",60,0.5,305.2,70.71,8.832,142,35.43,15.49,0.0185308724334742,7.61477045908184,1.26618318560301,0.225888130131205,5.84241925529726,0.644908806290728,0.673771204871683,1832.761,5.9718,19.0793358317718,0.168442726990664
"90","P2","below dam pool","5/19/17",60,0.5,261.2,46.38,7.61,123.6,32.06,9.862,0.0185308724334742,6.51696606786427,0.83051302712866,0.194634133865316,5.08537337996297,0.583566929993811,0.428969117007395,1249.25,5.9423,13.0048927753487,0.167610639438129
"91","P2","below dam pool","5/26/17",60,0.5,254.2,74.26,6.772,123.8,34.57,10.04,0.0185308724334742,6.34231536926148,1.32975199212105,0.17320136064861,5.09360213947747,0.629254796315847,0.436711613745107,1224.9752,7.4612,12.7521882156985,0.210453276168448
"92","P2","below dam pool","6/1/17",60,0.5,274.6,8.952,7.534,127.4,35.95,10.98,0.0185308724334742,6.85129740518962,0.160300832661832,0.192690350136832,5.24171981073853,0.654374021624377,0.477598956067856,1215.335,6.4531,12.6518321882157,0.182018446957944
"93","P2","below dam pool","6/13/17",60,0.5,270.6,85.62,8.16,128.5,34.56,12.6,0.0185308724334742,6.75149700598802,1.53317217297878,0.208700989795135,5.2869779880683,0.629072772944046,0.548064375815572,1083.7528,NA,11.282040391422,NA
"94","P2","below dam pool","6/20/17",60,0.5,268.6,91.22,8.095,131.3,33.62,12.39,0.0185308724334742,6.70159680638723,1.63344972692273,0.207038543185248,5.40218062127134,0.611962575994758,0.538929969551979,1324.4609,NA,13.7878503018946,NA
"95","P2","below dam pool","6/9/17",60,0.5,284.3,94.66,6.875,135.5,36.53,10.33,0.0185308724334742,7.09331337325349,1.69504879577402,0.17583569912274,5.57498457107591,0.664931377188831,0.449325793823401,1077.8003,NA,11.2200739121382,NA
"96","P2","below dam pool","7/13/17",60,0.5,251.9,93.16,7.673,125,32.04,11.42,0.0185308724334742,6.28493013972056,1.66818873668189,0.196245428271823,5.14297469656449,0.583202883250209,0.496737712048717,1313.5602,NA,13.6743722673329,NA
"97","P2","below dam pool","7/3/17",60,0.5,268.9,83.89,8.05,129,37.09,12.16,0.0185308724334742,6.70908183632735,1.50219357149252,0.205887618609172,5.30754988685456,0.675124686009684,0.528925619834711,1282.2268,NA,13.3481865500729,NA
"98","P2","below dam pool","7/7/17",60,0.5,239.2,7.656,8.857,117,32.32,12.57,0.0185308724334742,5.96806387225549,0.137093741606232,0.22652753267347,4.81382431598437,0.588299537660636,0.546759460635059,1204.9778,NA,12.544012075786,NA
"99","P2","below dam pool","8/25/17",60,0.5,273.9,67.94,5.946,129,34.99,9.126,0.0185308724334742,6.83383233532934,1.21658160981287,0.152075500652191,5.30754988685456,0.636899777931486,0.396955197912136,1224.8799,5.1397,12.7511961274204,0.144972216737653
"100","P2","below dam pool","9/29/17",60,0.5,270.8,49.52,6.729,134.1,38.75,10.39,0.0185308724334742,6.7564870259481,0.886740084161519,0.172101588275915,5.51738325447439,0.70534056572864,0.451935624184428,1389.7647,4.716,14.4676733291693,0.133021182974642
"101","P2","below dam pool","9/5/17",60,0.5,281.9,89.45,10.63,135,33.81,16.96,0.0185308724334742,7.03343313373253,1.60175485719402,0.271873960970869,5.55441267228965,0.615421020058976,0.737712048716833,1243.0067,4.5533,12.9398990214449,0.128432008574733
"102","P3","below dam pool","10/20/17",30,0.5,303.2,75.94,6.644,148,36.15,9.584,0.0185308724334742,7.56487025948104,1.35983525830424,0.169927619632216,6.08928204073236,0.658014489060395,0.416876903001305,1314.6214,4.7982,13.6854195294608,0.135339745578653
"103","P3","below dam pool","10/6/17",30,0.5,315.2,56.83,6.334,152.7,39.82,10.15,0.0185308724334742,7.86427145708583,1.0176381054705,0.161999028108136,6.28265788932318,0.72481706651134,0.441496302740322,1299.1297,NA,13.5241484488861,NA
"104","P3","below dam pool","11/3/17",30,0.5,293.5,43.56,6.853,145.5,47.24,9.1,0.0185308724334742,7.32285429141717,0.780016116035455,0.175273024885547,5.98642254680107,0.859878408387637,0.395824271422358,1232.7513,NA,12.8331386633354,NA
"105","P3","below dam pool","4/1/17",30,0.5,317.4,29.78,7.443,138.8,34.21,13.49,0.0185308724334742,7.91916167664671,0.533261706509088,0.190362924882989,5.71075910306521,0.622701954931013,0.586776859504132,27.8451,2.7312,0.289871955028107,0.0770372041858235
"106","P3","below dam pool","4/13/17",30,0.5,287.5,67.66,9.085,141.7,37.24,12.59,0.0185308724334742,7.17315369261477,1.21156773211568,0.232358883858922,5.83007611602551,0.677855036586698,0.547629404088734,1327.2617,7.9464,13.817007078909,0.22413900093081
"107","P3","below dam pool","4/19/17",30,0.5,267.8,48.12,8.465,130.7,36.75,11.95,0.0185308724334742,6.68163672654691,0.86167069567553,0.216501700810762,5.37749434272783,0.668935891368452,0.519791213571118,1550.0735,8.0182,16.13651363731,0.226164217414605
"108","P3","below dam pool","4/26/17",30,0.5,264.2,51.26,7.502,126.2,36.97,14.78,0.0185308724334742,6.59181636726547,0.917897752708389,0.191871914882734,5.19234725365151,0.672940405548072,0.642888212266203,1221.5182,6.308,12.7162002914845,0.177925704453784
"109","P3","below dam pool","4/5/17",30,0.5,311.2,66.55,7.834,144.6,36.14,13.15,0.0185308724334742,7.76447105788423,1.1916912883875,0.200363180644006,5.9493931289858,0.657832465688594,0.571987820791649,1457.69,5.2803,15.1747865917135,0.148938030632104
"110","P3","below dam pool","5/19/17",30,0.5,270.4,12.61,6.529,129.8,33.21,9.848,0.0185308724334742,6.74650698602794,0.225803563434506,0.166986367937799,5.34046492491257,0.604499617750919,0.428360156589822,1128.0551,4.8622,11.7432344368103,0.137144952472287
"111","P3","below dam pool","5/26/17",30,0.5,248,80.58,6.807,120.6,33.67,9.844,0.0185308724334742,6.187624750499,1.44292237442922,0.17409652420778,4.96194198724542,0.612872692853762,0.428186167899087,1190.4439,7.0116,12.3927118467624,0.197771697740671
"112","P3","below dam pool","6/1/17",30,0.5,260.6,88.56,6.719,119.7,34.2,10.09,0.0185308724334742,6.50199600798403,1.58581788879936,0.171845827259009,4.92491256943016,0.622519931559212,0.438886472379295,1654.3784,NA,17.2223443681033,NA
"113","P3","below dam pool","6/13/17",30,0.5,254.3,90.29,8.133,121.6,33.47,12.43,0.0185308724334742,6.34481037924152,1.61679649028561,0.20801043504949,5.00308578481794,0.609232225417744,0.54066985645933,1077.8569,NA,11.2206631272122,NA
"114","P3","below dam pool","6/20/17",30,0.5,260.6,87.44,8.249,126.4,33.08,12.37,0.0185308724334742,6.50199600798403,1.56576237801056,0.210977262845597,5.20057601316602,0.602133313917507,0.538060026098304,1239.2346,NA,12.9006308557152,NA
"115","P3","below dam pool","6/9/17",30,0.5,266.9,66.32,6.964,125.9,35.29,10.35,0.0185308724334742,6.65918163672655,1.18757274599337,0.178111972173201,5.18000411437976,0.642360479085515,0.450195737277077,1163.4929,NA,12.1121476160733,NA
"116","P3","below dam pool","7/13/17",30,0.5,244.8,87.36,7.552,121.9,31.29,11.07,0.0185308724334742,6.10778443113773,1.56432984152565,0.193150719967263,5.01542892408969,0.569551130365139,0.481513701609395,1249.3914,NA,13.0063647720175,NA
"117","P3","below dam pool","7/3/17",30,0.5,269.5,60.46,7.989,127,35.5,11.71,0.0185308724334742,6.72405189620758,1.08263944847345,0.204327476406046,5.22526229170952,0.646182969893334,0.509351892127012,1334.4341,NA,13.8916729127629,NA
"118","P3","below dam pool","7/7/17",30,0.5,236,81.17,7.832,116.2,30.66,11.31,0.0185308724334742,5.88822355289421,1.45348733100546,0.200312028440625,4.78090927792635,0.55808365794168,0.491953023053502,1155.7949,NA,12.0320102019571,NA
"119","P3","below dam pool","8/25/17",30,0.5,273.1,70.64,5.976,128.5,35.85,9.322,0.0185308724334742,6.81387225548902,1.26492971617871,0.152842783702908,5.2869779880683,0.652553787906367,0.405480643758156,1403.761,5.2341,14.6133770560067,0.147634896905763
"120","P3","below dam pool","9/29/17",30,0.5,266,32.93,6.462,132.7,37.2,9.468,0.0185308724334742,6.63672654690619,0.589667830602561,0.16527276912453,5.45978193787287,0.677126943099494,0.411831230969987,1385.7277,4.8965,14.4256475119717,0.138112430541844
"121","P3","below dam pool","9/5/17",30,0.5,284.6,66.45,11.1,133.7,35.61,18.14,0.0185308724334742,7.10079840319361,1.18990061778136,0.283894728765442,5.50092573544538,0.648185226983145,0.789038712483689,1233.5913,4.4739,12.8418831980013,0.126192423772318
"122","P4","below dam pool","10/20/17",15,0.5,291.7,30.89,6.578,142.6,36.63,9.709,0.0185308724334742,7.27794411177645,0.553138150237264,0.168239596920637,5.86710553384077,0.66675161090684,0.422314049586777,1290.7687,4.9398,13.4371090984801,0.139333765830818
"123","P4","below dam pool","10/6/17",15,0.5,315.2,39.94,6.422,151.8,37.15,9.178,0.0185308724334742,7.86427145708583,0.715193840093115,0.164249725056907,6.24562847150792,0.676216826240489,0.399217050891692,1283.6947,NA,13.3634676244014,NA
"124","P4","below dam pool","11/3/17",15,0.5,300.3,3.649,6.622,148.3,49.81,9.05,0.0185308724334742,7.49251497005988,0.0653415704181216,0.169364945395023,6.10162518000412,0.906658414940478,0.393649412788169,1244.109,NA,12.9513741411618,NA
"125","P4","below dam pool","4/13/17",15,0.5,286.9,24.77,9.06,140.7,41.54,12.43,0.0185308724334742,7.15818363273453,0.443549109141373,0.231719481316658,5.78893231845299,0.756125086461102,0.54066985645933,1358.5936,6.1781,14.1431771809286,0.174261698586861
"126","P4","below dam pool","4/19/17",15,0.5,267.3,47.21,7.71,131,38.35,11.93,0.0185308724334742,6.66916167664671,0.845375593159638,0.197191744034374,5.38983748199959,0.698059630856602,0.518921270117442,1306.7599,6.6212,13.6035800541328,0.186759935689504
"127","P4","below dam pool","4/26/17",15,0.5,271.4,44.32,7.355,127.5,37.63,14.62,0.0185308724334742,6.77145708582834,0.793625212642134,0.188112227934218,5.24583419049578,0.684953948086934,0.635928664636799,1198.3569,5.3713,12.4750874453467,0.15150480918399
"128","P4","below dam pool","4/5/17",15,0.5,319.6,23.88,8.177,145.9,37.39,13.48,0.0185308724334742,7.97405189620759,0.42761214074671,0.209135783523875,6.00288006583008,0.680585387163712,0.586341887777295,1622.0556,5.1854,16.8858588382261,0.146261247285138
"129","P4","below dam pool","5/19/17",15,0.5,287,10.39,6.618,137.6,34.33,9.956,0.0185308724334742,7.16067864271457,0.186050675978154,0.169262640988261,5.66138654597819,0.624886235392624,0.433057851239669,1258.3505,4.8246,13.0996304393088,0.136084393422277
"130","P4","below dam pool","5/26/17",15,0.5,255,58.05,6.688,121.2,34.31,9.845,0.0185308724334742,6.3622754491018,1.03948428686543,0.171052968106601,4.98662826578893,0.624522188649023,0.42822966507177,1199.1587,7.4191,12.4834343118884,0.20926578850873
"131","P4","below dam pool","6/1/17",15,0.5,273.1,79.53,6.725,127,35.49,10.14,0.0185308724334742,6.81387225548902,1.42412033306473,0.171999283869153,5.22526229170952,0.646000946521533,0.441061331013484,1255.5741,5.9514,13.0707276702061,0.167867317293318
"132","P4","below dam pool","6/13/17",15,0.5,267.2,92.21,8.234,129,34.38,12.64,0.0185308724334742,6.66666666666667,1.65117736592354,0.210593621320238,5.30754988685456,0.625796352251629,0.549804262722923,1079.9371,NA,11.2423183427025,NA
"133","P4","below dam pool","6/20/17",15,0.5,273.5,87.65,8.311,132.6,33.93,12.59,0.0185308724334742,6.82385229540918,1.56952278628346,0.212562981150413,5.45566755811561,0.617605300520587,0.547629404088734,1313.0467,NA,13.6690266500104,NA
"134","P4","below dam pool","6/9/17",15,0.5,290.6,52.86,6.988,136.5,36.23,10.5,0.0185308724334742,7.25049900199601,0.946548482406661,0.178725798613775,5.61612836864843,0.659470676034803,0.456720313179643,1254.3924,NA,13.0584259837601,NA
"135","P4","below dam pool","7/13/17",15,0.5,248.7,70.59,7.623,123.6,31.52,11.33,0.0185308724334742,6.20508982035928,1.26403438087564,0.194966623187294,5.08537337996297,0.57373766791656,0.492822966507177,1283.0601,NA,13.3568613366646,NA
"136","P4","below dam pool","7/3/17",15,0.5,277.9,17.44,7.644,130.5,35.14,11.48,0.0185308724334742,6.93363273453094,0.312292953711165,0.195503721322796,5.36926558321333,0.6396301285085,0.499347542409743,1152.6162,NA,11.9989194253591,NA
"137","P4","below dam pool","7/7/17",15,0.5,246.1,88.86,7.434,120.4,32.86,11.86,0.0185308724334742,6.14021956087824,1.59118990061778,0.190132739967774,4.95371322773092,0.598128799737886,0.515876468029578,1248.2868,NA,12.9948657089319,NA
"138","P4","below dam pool","8/25/17",15,0.5,277.2,14.33,6.061,130.6,36.08,9.449,0.0185308724334742,6.91616766467066,0.256603097860149,0.155016752346607,5.37337996297058,0.656740325457789,0.411004784688995,1230.3993,6.1872,12.8086539662711,0.17451837644205
"139","P4","below dam pool","9/29/17",15,0.5,274,42.19,5.825,139,37.48,9.719,0.0185308724334742,6.83632734530938,0.75548392873131,0.14898079234763,5.71898786257972,0.68222359750992,0.422749021313615,1364.8384,5.0555,14.2081865500729,0.142597241418216
"140","P4","below dam pool","9/5/17",15,0.5,279,69.02,10.6,131.1,30.71,16.02,0.0185308724334742,6.96107784431138,1.23592085235921,0.271106677920151,5.39395186175684,0.558993774800684,0.696824706394084,1227.8923,4.4565,12.7825556943577,0.125701633148112
"141","P5","dam pool","10/20/17",100,0.5,277.4,138.2,6.672,127.1,33.31,9.692,0.0185308724334742,6.92115768463074,2.47470677768824,0.170643750479552,5.22937667146678,0.606319851468929,0.421574597651153,1174.7973,5.5067,12.2298282323548,0.155323950018334
"142","P5","dam pool","10/6/17",100,0.5,296.8,152.8,5.582,137,30.62,8.256,0.0185308724334742,7.40518962075848,2.73614468618498,0.142765799636819,5.63670026743468,0.557355564454476,0.359112657677251,1174.5733,NA,12.2274963564439,NA
"143","P5","dam pool","11/3/17",100,0.5,283.7,127.2,6.527,134.6,41.78,8.035,0.0185308724334742,7.07834331337325,2.27773301101262,0.166935215734418,5.53795515326065,0.760493647384324,0.349499782514137,1171.7942,NA,12.1985654799084,NA
"144","P5","dam pool","4/1/17",100,0.5,264.6,82.25,7.39,115.5,29.84,12.7,0.0185308724334742,6.60179640718563,1.4728265735518,0.189007391493389,4.75210861962559,0.543157741454003,0.55241409308395,1408.68,3.8366,14.6645846346034,0.108216512001805
"145","P5","dam pool","4/13/17",100,0.5,264.9,164.5,7.928,125.8,37.03,12.03,0.0185308724334742,6.60928143712575,2.94565314710359,0.202767334202921,5.17588973462251,0.674032545778878,0.52327098738582,1285.8256,8.2026,13.3856506350198,0.231365469776888
"146","P5","dam pool","4/19/17",100,0.5,253.8,155.4,7.83,119.7,35.28,11.79,0.0185308724334742,6.33233532934132,2.78270212194467,0.200260876237244,4.92491256943016,0.642178455713714,0.512831665941714,2013.372,7.1152,20.9595252966896,0.20069387639974
"147","P5","dam pool","4/26/17",100,0.5,265,133,7.098,120.1,36.42,14.6,0.0185308724334742,6.61177644710579,2.38159190616886,0.181539169799739,4.94137008845916,0.662929120099021,0.635058721183123,1254.3865,15.6312,13.0583645638143,0.440899218683891
"148","P5","dam pool","4/5/17",100,0.5,281.8,124.8,7.161,129.1,33.73,16.6,0.0185308724334742,7.0309381237525,2.23475691646522,0.183150464206246,5.31166426661181,0.613964833084568,0.722053066550674,1230.59,6.7835,12.8106391838434,0.191337827546329
"149","P5","dam pool","5/19/17",100,0.5,268.1,147.4,6.298,125,31.22,9.837,0.0185308724334742,6.68912175648703,2.63944847345331,0.161078288447275,5.14297469656449,0.568276966762532,0.4278816876903,1115.475,4.7859,11.6122735790131,0.134992807378783
"150","P5","dam pool","5/26/17",100,0.5,281.6,150.3,6.543,130,32.58,9.907,0.0185308724334742,7.02594810379242,2.69137792103143,0.167344433361467,5.34869368442707,0.59303214532746,0.430926489778164,1106.7168,8.1227,11.5210993129294,0.229111781795617
"151","P5","dam pool","6/1/17",100,0.5,277.3,122.4,6.997,122,34.92,10.82,0.0185308724334742,6.9186626746507,2.19178082191781,0.178955983528991,5.01954330384695,0.63562561432888,0.470639408438452,1166.554,5.9559,12.144014157818,0.167994245903027
"152","P5","dam pool","6/13/17",100,0.5,263.5,131.1,8.125,119.7,32.26,12.58,0.0185308724334742,6.57435129740519,2.34756916465216,0.207805826235965,4.92491256943016,0.58720739742983,0.547194432361896,998.9487,NA,10.3992161149282,NA
"153","P5","dam pool","6/20/17",100,0.5,262.6,125.1,8.106,122.7,31.73,12.34,0.0185308724334742,6.55189620758483,2.24012892828364,0.207319880303844,5.04834396214771,0.57756015872438,0.53675511091779,1221.4749,NA,12.7157495315428,NA
"154","P5","dam pool","6/9/17",100,0.5,287.6,90.25,7.256,130.5,35.64,11.04,0.0185308724334742,7.17564870259481,1.61608022204316,0.185580193866851,5.36926558321333,0.648731297098547,0.480208786428882,1097.6481,NA,11.4266926920675,NA
"155","P5","dam pool","7/13/17",100,0.5,246.9,121,7.993,116.5,30.33,11.55,0.0185308724334742,6.16017964071856,2.16671143343182,0.204429780812809,4.79325241719811,0.552076886672249,0.502392344497608,1170.5108,NA,12.1852050801582,NA
"156","P5","dam pool","7/3/17",100,0.5,272.1,134.7,7.71,121.3,33.11,11.57,0.0185308724334742,6.78892215568862,2.41203330647327,0.197191744034374,4.99074264554618,0.60267938403291,0.503262287951283,1256.2519,NA,13.0777836768686,NA
"157","P5","dam pool","7/7/17",100,0.5,236.5,116.4,7.839,109.7,28.33,10.44,0.0185308724334742,5.90069860279441,2.08434058554929,0.200491061152459,4.513474593705,0.515672212312061,0.454110482818617,1456.6378,NA,15.1638330210285,NA
"158","P5","dam pool","8/25/17",100,0.5,264.5,128.6,6.201,120.6,33.39,9.513,0.0185308724334742,6.59930139720559,2.30280239949861,0.158597406583289,4.96194198724542,0.607776038443336,0.413788603740757,1135.3806,5.0832,11.8194940662086,0.143378557526867
"159","P5","dam pool","9/29/17",100,0.5,259.5,134.2,5.974,125.5,29.11,8.354,0.0185308724334742,6.47455089820359,2.40307995344256,0.152791631499527,5.16354659535075,0.529870035312534,0.363375380600261,1266.9049,5.7513,13.18868311472,0.162223225114941
"160","P5","dam pool","9/5/17",100,0.5,266.8,45.38,10.86,119.9,29.24,17.24,0.0185308724334742,6.65668662674651,0.81260632106724,0.277756464359702,4.93314132894466,0.532236339145946,0.749891257068291,1114.2771,5.7189,11.59980324797,0.161309339125039
"161","P6","dam pool","10/20/17",60,0.5,276.4,166.1,7.219,128.7,35.07,10,0.0185308724334742,6.89620758483034,2.97430387680186,0.184633878104299,5.2952067475828,0.638355964905894,0.434971726837756,1188.4447,5.1836,12.3718998542578,0.146210475841255
"162","P6","dam pool","10/6/17",60,0.5,288.7,152.3,5.785,136.3,27.11,7.358,0.0185308724334742,7.20309381237525,2.72719133315427,0.147957748280007,5.60789960913392,0.493465360952346,0.320052196607221,1170.3819,NA,12.1838632104934,NA
"163","P6","dam pool","11/3/17",60,0.5,282,151.6,5.606,134.3,45.01,6.657,0.0185308724334742,7.03592814371258,2.71465663891127,0.143379626077393,5.52561201398889,0.819287196476027,0.289560678555894,1196.8076,NA,12.4589589839684,NA
"164","P6","dam pool","4/1/17",60,0.5,268.4,89.24,7.798,119.6,33.88,13.28,0.0185308724334742,6.69660678642715,1.59799444892112,0.199442440983145,4.92079818967291,0.616695183661582,0.577642453240539,1287.64,3.8635,13.404538829898,0.108975263024286
"165","P6","dam pool","4/13/17",60,0.5,255.7,151.7,8.565,122.6,38.52,11.94,0.0185308724334742,6.37974051896208,2.71644730951741,0.21905931097982,5.04422958239045,0.701154028177218,0.51935624184428,1277.6347,6.5057,13.3003820528836,0.18350210137365
"166","P6","dam pool","4/19/17",60,0.5,247.3,152.2,8.318,118.7,36.88,11.81,0.0185308724334742,6.17015968063872,2.72540066254812,0.212742013862247,4.88376877185764,0.671302195201864,0.513701609395389,1971.1395,6.1734,20.5198782011243,0.17412912870561
"167","P6","dam pool","4/26/17",60,0.5,245.3,148.9,7.463,114.2,35.65,14.22,0.0185308724334742,6.12025948103792,2.66630853254544,0.190874446916801,4.69862168278132,0.648913320470348,0.618529795563288,1363.7729,5.8204,14.1970945242557,0.164172284432911
"168","P6","dam pool","4/5/17",60,0.5,269.6,146.5,7.59,126.6,34.52,12.77,0.0185308724334742,6.72654690618763,2.62333243799803,0.194122611831505,5.20880477268052,0.628344679456842,0.555458895171814,1391.8133,6.0149,14.4889995835936,0.169658421008095
"169","P6","dam pool","5/19/17",60,0.5,257.5,152,6.741,122,32.34,9.756,0.0185308724334742,6.42465069860279,2.72181932133584,0.172408501496202,5.01954330384695,0.588663584404237,0.424358416702914,1025.5921,5.1684,10.676578180304,0.145781739204017
"170","P6","dam pool","5/26/17",60,0.5,297.3,169.7,7.048,141,32.79,9.775,0.0185308724334742,7.41766467065868,3.03876801862297,0.18026036471521,5.80127545772475,0.59685463613528,0.425184862983906,1082.0721,7.1019,11.2645440349781,0.200318731842157
"171","P6","dam pool","6/1/17",60,0.5,256.5,136.9,7.348,116.2,34.9,10.31,0.0185308724334742,6.3997005988024,2.4514280598084,0.187933195222384,4.78090927792635,0.635261567585278,0.448455850369726,1088.9004,NA,11.3356277326671,NA
"172","P6","dam pool","6/13/17",60,0.5,254.9,140.2,8.89,119.6,33.71,12.63,0.0185308724334742,6.35978043912176,2.51052018981108,0.227371544029259,4.92079818967291,0.613600786340966,0.549369290996085,1094.5105,NA,11.3940297730585,NA
"173","P6","dam pool","6/20/17",60,0.5,255.6,122.8,8.832,121.5,32.56,12.35,0.0185308724334742,6.37724550898204,2.19894350434238,0.225888130131205,4.99897140506069,0.592668098583858,0.537190082644628,1140.9617,NA,11.8775942119509,NA
"174","P6","dam pool","6/9/17",60,0.5,274.8,150.7,7.565,125.2,35.56,10.52,0.0185308724334742,6.8562874251497,2.69854060345599,0.19348320928924,5.151203456079,0.64727511012414,0.457590256633319,1115.2198,NA,11.6096169061004,NA
"175","P6","dam pool","7/13/17",60,0.5,248.2,131.8,8.752,118.8,31.53,11.66,0.0185308724334742,6.19261477045908,2.36010385889516,0.223842041995959,4.88788315161489,0.573919691288361,0.507177033492823,1157.3528,NA,12.0482281907141,NA
"176","P6","dam pool","7/3/17",60,0.5,268.6,157.4,8.431,122.6,34.77,11.82,0.0185308724334742,6.70159680638723,2.81851553406751,0.215632113353283,5.04422958239045,0.632895263751866,0.514136581122227,1241.0043,NA,12.9190537164272,NA
"177","P6","dam pool","7/7/17",60,0.5,231.7,126.7,8.294,110.1,29.09,11.34,0.0185308724334742,5.7809381237525,2.26877965798191,0.212128187421673,4.529932112734,0.529505988568932,0.493257938234015,1265.5399,NA,13.174473245888,NA
"178","P6","dam pool","8/25/17",60,0.5,259.1,156.1,6.583,120.3,34.99,9.241,0.0185308724334742,6.46457085828343,2.79523681618766,0.16836747742909,4.94959884797367,0.636899777931486,0.40195737277077,1055.9056,5.2279,10.9921465750573,0.147460017487942
"179","P6","dam pool","9/29/17",60,0.5,253.3,160.1,5.905,123.5,29.66,8.213,0.0185308724334742,6.31986027944112,2.86686364043334,0.151026880482877,5.08125900020572,0.539881320761586,0.357242279251849,1248.3867,5.2067,12.9959056839475,0.146862042704426
"180","P6","dam pool","9/5/17",60,0.5,258.6,49.87,12.1,117.8,29.08,16.55,0.0185308724334742,6.45209580838323,0.893007431283015,0.309470830456022,4.84673935404238,0.529323965197131,0.719878207916485,1092.1257,5.3381,11.3692036227358,0.150568358107918
"181","P7","dam pool","10/20/17",30,0.5,214,9.528,5.966,98.77,27.8,8.673,0.0185308724334742,5.33932135728543,0.17061509535321,0.152587022686002,4.0637728862374,0.506024973606611,0.377250978686385,781.9692,6.9509,8.14042473454091,0.19605957182749
"182","P7","dam pool","10/6/17",30,0.5,223.5,25.02,4.952,105.7,23.03,6.67,0.0185308724334742,5.57634730538922,0.448025785656728,0.126652855571754,4.34889940341494,0.419199825257563,0.290126141800783,772.6434,NA,8.04334166146159,NA
"183","P7","dam pool","11/3/17",30,0.5,218.7,26.41,3.986,105.1,28.28,4.611,0.0185308724334742,5.4565868263473,0.472916107082102,0.101946341338653,4.32421312487143,0.514762095453056,0.200565463244889,840.0953,NA,8.74552675411201,NA
"184","P7","dam pool","4/1/17",30,0.5,220.3,93.99,6.387,101.6,28.31,11.67,0.0185308724334742,5.49650698602794,1.68305130271287,0.163354561497737,4.18020983336762,0.515308165568459,0.507612005219661,1193.9767,3.7812,12.4294888611285,0.106653879784503
"185","P7","dam pool","4/13/17",30,0.5,201.8,87.62,7.026,95.62,31.99,11.99,0.0185308724334742,5.03493013972056,1.56898558510162,0.179697690478017,3.93416992388397,0.582292766391205,0.521531100478469,1134.6594,7.5606,11.8119862585884,0.213256988125123
"186","P7","dam pool","4/19/17",30,0.5,209.1,65.03,7.291,99.64,32.62,11.19,0.0185308724334742,5.21706586826347,1.16447309517414,0.186475357426021,4.09956799012549,0.593760238814664,0.486733362331448,905.8447,7.0316,9.42998854882365,0.198335824894931
"187","P7","dam pool","4/26/17",30,0.5,212.8,74.99,5.663,100.9,29.85,8.868,0.0185308724334742,5.30938123752495,1.34282388754589,0.144837463873756,4.15140917506686,0.543339764825804,0.385732927359722,865.4087,6.5882,9.00904330626692,0.185829125884974
"188","P7","dam pool","4/5/17",30,0.5,247.5,122.9,6.695,115.6,31.44,15.18,0.0185308724334742,6.1751497005988,2.20073417494852,0.171232000818435,4.75622299938284,0.572281480942153,0.660287081339713,983.8766,5.8372,10.2423131376223,0.16464615124249
"189","P7","dam pool","5/19/17",30,0.5,230.9,70.82,6.044,109.1,28.56,9.19,0.0185308724334742,5.76097804391218,1.26815292326976,0.154581958617867,4.48878831516149,0.519858749863482,0.399739016963897,945.9699,0.5815,9.84769831355403,0.0164019970101261
"190","P7","dam pool","5/26/17",30,0.5,275.2,108.1,6.39,130.3,30.8,9.388,0.0185308724334742,6.86626746506986,1.9357149252395,0.163431289802808,5.36103682369883,0.560631985146893,0.408351457155285,950.6583,7.1852,9.89650530918176,0.202668321439652
"191","P7","dam pool","6/1/17",30,0.5,247.2,90.37,6.643,110.7,32.91,9.888,0.0185308724334742,6.16766467065868,1.61822902677053,0.169902043530525,4.55461839127751,0.599038916596891,0.430100043497173,1017.4194,47.3953,10.5914990630856,1.3368487857163
"192","P7","dam pool","6/13/17",30,0.5,246.1,115.1,8.042,112.8,31.61,12.08,0.0185308724334742,6.14021956087824,2.06106186766944,0.205683009795647,4.6410203661798,0.575375878262769,0.525445846020009,946.7783,NA,9.85611388715386,NA
"193","P7","dam pool","6/20/17",30,0.5,233.8,88.16,7.961,108.6,29.58,11.89,0.0185308724334742,5.83333333333333,1.57865520637479,0.20361134555871,4.46821641637523,0.538425133787178,0.517181383210091,1061.4006,NA,11.0493504059963,NA
"194","P7","dam pool","6/9/17",30,0.5,259.5,59.23,6.921,117.9,33.82,10.29,0.0185308724334742,6.47455089820359,1.06061420001791,0.177012199800506,4.85085373379963,0.615603043430777,0.44758590691605,1047.179,NA,10.9013012700396,NA
"195","P7","dam pool","7/13/17",30,0.5,202.4,67.57,7.483,95.34,26.38,10.41,0.0185308724334742,5.0499001996008,1.20995612857015,0.191385968950613,3.92264966056367,0.480177654810878,0.452805567638104,880.5315,NA,9.16647407870081,NA
"196","P7","dam pool","7/3/17",30,0.5,220.2,61.68,7.27,99.87,27.97,10.66,0.0185308724334742,5.4940119760479,1.10448562986839,0.185938259290519,4.10903106356717,0.509119370927227,0.463679860809047,731.4188,NA,7.61418696647928,NA
"197","P7","dam pool","7/7/17",30,0.5,205.8,88.17,6.933,96.18,25.55,10.2,0.0185308724334742,5.13473053892216,1.5788342734354,0.177319113020793,3.95721045052458,0.4650697149514,0.443671161374511,875.5273,NA,9.11437955444514,NA
"198","P7","dam pool","8/25/17",30,0.5,189.6,0.5,5.471,87.54,24.81,8.011,0.0185308724334742,4.73053892215569,0.00895335303071,0.139926852349165,3.60172803949805,0.45159998543813,0.348455850369726,687.2735,6.5683,7.15462731626067,0.185267819366485
"199","P7","dam pool","9/29/17",30,0.5,219,2.443,5.17,103.2,25.92,7.476,0.0185308724334742,5.46407185628743,0.0437460829080491,0.1322284457403,4.24603990948365,0.471804579708035,0.325184862983906,949.2277,5.9085,9.88161253383302,0.166657264547429
"200","P7","dam pool","9/5/17",30,0.5,215.2,30.26,10.52,98.73,26.07,15.55,0.0185308724334742,5.36926147704591,0.541856925418569,0.269060589784905,4.0621271343345,0.474534930285049,0.67638103523271,767.98,4.5742,7.99479491984177,0.129021521450935
"201","P8","dam pool","10/20/17",15,0.5,290.5,31.52,6.9,135.8,35.94,10.31,0.0185308724334742,7.24800399201597,0.564419375055958,0.176475101665004,5.58732771034767,0.654191998252576,0.448455850369726,1222.4878,5.7061,12.7262939829273,0.160948297746312
"202","P8","dam pool","10/6/17",15,0.5,316.5,46.41,5.719,146.6,31.18,8.688,0.0185308724334742,7.89670658682635,0.831050228310502,0.146269725568429,6.03168072413084,0.567548873275329,0.377903436276642,1258.3631,NA,13.0997616073288,NA
"203","P8","dam pool","11/3/17",15,0.5,292.9,37.89,4.277,139.8,32.33,5.153,0.0185308724334742,7.30788423153693,0.678485092667204,0.109388986930612,5.75190290063773,0.588481561032437,0.224140930839495,1311.6478,NA,13.6544638767437,NA
"204","P8","dam pool","4/1/17",15,0.5,267.4,120.6,6.938,124.1,32.38,12.23,0.0185308724334742,6.67165668662675,2.15954875100725,0.177446993529246,5.10594527874923,0.589391677891441,0.531970421922575,1608.05,2.0616,16.7400582968978,0.0581502270611796
"205","P8","dam pool","4/13/17",15,0.5,275.3,128.6,8.263,132,36.28,12.28,0.0185308724334742,6.8687624750499,2.30280239949861,0.211335328269265,5.4309812795721,0.660380792893808,0.534145280556764,1292.6216,6.2781,13.4563980845305,0.177082334358164
"206","P8","dam pool","4/19/17",15,0.5,260.6,68.26,8.034,125.7,36.88,11.96,0.0185308724334742,6.50199600798403,1.22231175575253,0.205478400982122,5.17177535486525,0.671302195201864,0.520226185297956,1242.1938,6.6063,12.9314366021237,0.18633966095958
"207","P8","dam pool","4/26/17",15,0.5,259.8,57.35,6.662,121.9,33.33,10.25,0.0185308724334742,6.48203592814371,1.02694959262244,0.170387989462646,5.01542892408969,0.60668389821253,0.445846020008699,1109.6261,8.9297,11.5513855923381,0.251874312470031
"208","P8","dam pool","4/5/17",15,0.5,282.9,134.1,7.243,133.7,33.03,12.87,0.0185308724334742,7.05838323353293,2.40128928283642,0.185247704544873,5.50092573544538,0.601223197058502,0.559808612440191,1586.7457,5.486,16.5182771184676,0.154740078413674
"209","P8","dam pool","5/19/17",15,0.5,275.5,26.88,6.357,129,32.17,9.716,0.0185308724334742,6.87375249500998,0.48133225893097,0.162587278447019,5.30754988685456,0.585569187083621,0.422618529795563,1237.3074,10.8006,12.8805683947533,0.304645587115336
"210","P8","dam pool","5/26/17",15,0.5,247.9,95.33,6.759,116.3,33.45,9.985,0.0185308724334742,6.18512974051896,1.70704628883517,0.172868871326632,4.7850236576836,0.608868178674142,0.434319269247499,1188.3342,8.8098,12.3707495315428,0.248492370180239
"211","P8","dam pool","6/1/17",15,0.5,268.3,69.34,6.883,119.1,34.16,10.28,0.0185308724334742,6.69411177644711,1.24165099829886,0.176040307936264,4.90022629088665,0.621791838072008,0.447150935189213,1168.9545,NA,12.1690037476577,NA
"212","P8","dam pool","6/13/17",15,0.5,263.3,122.6,8.406,123.1,32.79,12.58,0.0185308724334742,6.56936127744511,2.19536216313009,0.214992710811018,5.06480148117671,0.59685463613528,0.547194432361896,1921.6948,NA,20.0051509473246,NA
"213","P8","dam pool","6/20/17",15,0.5,271.9,117.6,8.505,128.8,32.65,12.72,0.0185308724334742,6.78393213572854,2.10582863282299,0.217524744878386,5.29932112734005,0.594306308930067,0.553284036537625,1233.4774,NA,12.8406974807412,NA
"214","P8","dam pool","6/9/17",15,0.5,269.3,13.07,7.034,125.5,34.87,10.56,0.0185308724334742,6.71906187624751,0.234040648222759,0.179902299291542,5.16354659535075,0.634715497469875,0.45933014354067,1173.954,NA,12.2210493441599,NA
"215","P8","dam pool","7/13/17",15,0.5,257.6,102,8.23,122.8,31.28,11.83,0.0185308724334742,6.42714570858284,1.82648401826484,0.210491316913476,5.05245834190496,0.569369106993338,0.514571552849065,1252.7578,NA,13.0414095357069,NA
"216","P8","dam pool","7/3/17",15,0.5,285.1,32.16,8.153,128.2,35.06,12.16,0.0185308724334742,7.11327345309381,0.575879666935267,0.208521957083301,5.27463484879654,0.638173941534093,0.528925619834711,1117.4069,NA,11.6323849677285,NA
"217","P8","dam pool","7/7/17",15,0.5,248.6,88.75,8.048,119.2,31.86,12.04,0.0185308724334742,6.20259481037924,1.58922016295103,0.20583646640579,4.9043406706439,0.579926462557792,0.523705959112658,1150.9827,NA,11.9819144284822,NA
"218","P8","dam pool","8/25/17",15,0.5,265,5.088,6.36,121.7,34.3,9.31,0.0185308724334742,6.61177644710579,0.091109320440505,0.162664006752091,5.00720016457519,0.624340165277221,0.40495867768595,1080.7577,5.2397,11.2508609202582,0.147792852508956
"219","P8","dam pool","9/29/17",15,0.5,268.3,10.55,6.659,129.6,31.94,8.923,0.0185308724334742,6.69411177644711,0.188915748947981,0.170311261157574,5.33223616539807,0.5813826495322,0.388125271857329,1258.2546,5.0318,13.0986321049344,0.141928750740417
"220","P8","dam pool","9/5/17",15,0.5,277,4.197,11.8,124.9,30.46,16.88,0.0185308724334742,6.91117764471058,0.0751544453397797,0.301797999948848,5.13886031680724,0.554443190505661,0.734232274902131,1133.5382,4.7635,11.8003143868416,0.134360984966011
"221","P9","stream bank","10/20/17",100,0.5,244.5,127.4,7.338,97.12,28.84,9.938,0.0185308724334742,6.1002994011976,2.28131435222491,0.187677434205478,3.99588562024275,0.524955404273909,0.432274902131361,1040.3364,5.8297,10.8300687070581,0.164434603559642
"222","P9","stream bank","10/6/17",100,0.5,252.2,35.84,7.169,101.9,29.19,9.832,0.0185308724334742,6.29241516966068,0.641776345241293,0.18335507301977,4.19255297263938,0.531326222286942,0.427664201826881,986.2056,NA,10.2665584009994,NA
"223","P9","stream bank","11/3/17",100,0.5,240,9.519,3.911,98.73,20.92,4.125,0.0185308724334742,5.98802395209581,0.170453934998657,0.10002813371186,4.0621271343345,0.380792893807565,0.179425837320574,1067.359,NA,11.1113783052259,NA
"224","P9","stream bank","4/13/17",100,0.5,174.4,64.28,8.925,74.6,44.87,11.25,0.0185308724334742,4.35129740518962,1.15104306562808,0.228266707588429,3.06932729890969,0.816738869270814,0.489343192692475,848.934,8.6837,8.83753903810119,0.244935548472626
"225","P9","stream bank","4/19/17",100,0.5,159.3,39.93,8.499,65.7,41.18,10.94,0.0185308724334742,3.97455089820359,0.715014773032501,0.217371288268242,2.7031475005143,0.749572245076268,0.475859069160505,852.5957,8.6463,8.875657922132,0.243880630694158
"226","P9","stream bank","4/5/17",100,0.5,185,68.09,7.812,76.42,37.45,13.87,0.0185308724334742,4.61576846307385,1.21926761572209,0.199800506406813,3.14420901049167,0.681677527394517,0.603305785123967,798.4693,6.8185,8.31219342077868,0.192325050066285
"227","P9","stream bank","5/19/17",100,0.5,171.3,78.39,6.05,71.41,28.51,8.204,0.0185308724334742,4.27395209580838,1.40370668815471,0.154735415228011,2.93807858465336,0.518948633004478,0.356850804697695,762.1489,6.2922,7.9340922340204,0.177480044001918
"228","P9","stream bank","5/26/17",100,0.5,153.1,10.34,6.922,62.52,31.8,8.672,0.0185308724334742,3.81986027944112,0.185155340675083,0.177037775902197,2.5723102242337,0.578834322326987,0.377207481513702,750.0116,9.6988,7.80774099521133,0.273567822187121
"229","P9","stream bank","6/1/17",100,0.5,191.4,101.7,6.552,76.26,28.33,9.279,0.0185308724334742,4.77544910179641,1.82111200644641,0.167574618276682,3.13762600288007,0.515672212312061,0.403610265332753,860.6279,10.7133,8.95927441182594,0.302183172086988
"230","P9","stream bank","6/13/17",100,0.5,181.3,12.82,8.587,75.32,30.33,11.83,0.0185308724334742,4.52345309381238,0.229563971707404,0.219621985217013,3.0989508331619,0.552076886672249,0.514571552849065,671.202,NA,6.98732042473454,NA
"231","P9","stream bank","6/20/17",100,0.5,204.4,113.1,8.504,85.53,27.69,11.75,0.0185308724334742,5.0998003992016,2.0252484555466,0.217499168776695,3.51902900637729,0.504022716516801,0.511091779034363,1472.6293,NA,15.3303070997293,NA
"232","P9","stream bank","6/9/17",100,0.5,207.8,101.3,7.037,84.48,29.4,9.382,0.0185308724334742,5.18463073852295,1.81394932402185,0.179979027596614,3.47582801892615,0.535148713094761,0.408090474119182,939.3918,NA,9.77921923797626,NA
"233","P9","stream bank","7/13/17",100,0.5,189.7,60.31,8.431,80.37,25.75,11.17,0.0185308724334742,4.73303393213573,1.07995344256424,0.215632113353283,3.30672701090311,0.468710182387419,0.485863418877773,908.9351,NA,9.46216010826567,NA
"234","P9","stream bank","7/3/17",100,0.5,216.2,114.1,8.329,85.46,29.6,10.96,0.0185308724334742,5.39421157684631,2.04315516160802,0.213023350980844,3.51614894054721,0.53878918053078,0.47672901261418,946.2202,NA,9.85030397668124,NA
"235","P9","stream bank","7/7/17",100,0.5,197.1,97.92,7.622,82.02,23.12,9.981,0.0185308724334742,4.91766467065868,1.75342465753425,0.194941047085603,3.37461427689776,0.420838035603772,0.434145280556764,892.2204,NA,9.28815740162399,NA
"236","P9","stream bank","8/25/17",100,0.5,223.2,105.6,6.319,90.19,29.23,8.941,0.0185308724334742,5.5688622754491,1.89094816008595,0.161615386582777,3.71075910306521,0.532054315774145,0.388908220965637,950.8298,5.7518,9.89829065167604,0.162237328293797
"237","P9","stream bank","9/29/17",100,0.5,217.6,72.17,6.393,91.36,25.87,8.733,0.0185308724334742,5.42914171656687,1.29232697645268,0.16350801810788,3.75889734622506,0.47089446284903,0.379860809047412,1083.1,6.5134,11.2752446387674,0.18371929032804
